graph_idx,node_type,node_idx,method,sparsity_target,pred_orig,pred_drop,pred_keep,target,error_orig,error_drop,error_keep,fid_plus_model,fid_minus_model,fid_plus_error_delta,fid_minus_error_delta,n_edges_considered,k_edges,actual_sparsity_edge
50,H,0,gnnexplainer,0.5,-0.18866461515426636,-0.06636320054531097,-0.18119415640830994,-0.18572446703910828,0.002940148115158081,0.1193612664937973,0.00453031063079834,0.12230141460895538,0.007470458745956421,0.11642111837863922,0.0015901625156402588,30,15,0.5
50,H,1,gnnexplainer,0.5,-0.19408667087554932,-0.0789506658911705,-0.20861437916755676,-0.1745053380727768,0.019581332802772522,0.09555467218160629,0.03410904109477997,0.11513600498437881,0.014527708292007446,0.07597333937883377,0.014527708292007446,30,15,0.5
50,H,2,gnnexplainer,0.5,-0.13721123337745667,-0.11876506358385086,-0.16009578108787537,-0.1240059956908226,0.013205237686634064,0.005240932106971741,0.036089785397052765,0.018446169793605804,0.0228845477104187,-0.007964305579662323,0.0228845477104187,30,15,0.5
50,H,3,gnnexplainer,0.5,-0.06269896030426025,-0.0868186205625534,-0.05343671143054962,-0.029461706057190895,0.03323725424706936,0.05735691450536251,0.023975005373358727,0.024119660258293152,0.009262248873710632,0.024119660258293152,-0.009262248873710632,30,15,0.5
50,H,4,gnnexplainer,0.5,-0.05592544749379158,-0.065912626683712,-0.05630757287144661,-0.08866342157125473,0.03273797407746315,0.022750794887542725,0.03235584869980812,0.009987179189920425,0.0003821253776550293,-0.009987179189920425,-0.0003821253776550293,30,15,0.5
50,H,5,gnnexplainer,0.5,-0.08462868630886078,-0.07064414769411087,-0.12411708384752274,-0.06410186737775803,0.020526818931102753,0.006542280316352844,0.06001521646976471,0.013984538614749908,0.03948839753866196,-0.013984538614749908,0.03948839753866196,30,15,0.5
50,H,6,gnnexplainer,0.5,-0.33054494857788086,-0.13474032282829285,-0.35769400000572205,-0.3011716902256012,0.029373258352279663,0.16643136739730835,0.05652230978012085,0.195804625749588,0.027149051427841187,0.1370581090450287,0.027149051427841187,30,15,0.5
50,H,7,gnnexplainer,0.5,-0.3257949948310852,-0.14481142163276672,-0.32373112440109253,-0.362988144159317,0.03719314932823181,0.2181767225265503,0.03925701975822449,0.18098357319831848,0.0020638704299926758,0.18098357319831848,0.0020638704299926758,30,15,0.5
50,C,0,gnnexplainer,0.5,-3.4731967449188232,-1.9575390815734863,-4.6670308113098145,-3.638505220413208,0.16530847549438477,1.6809661388397217,1.0285255908966064,1.515657663345337,1.1938340663909912,1.515657663345337,0.8632171154022217,30,15,0.5
50,C,1,gnnexplainer,0.5,-2.626781463623047,-2.439267635345459,-2.577259063720703,-2.7032065391540527,0.07642507553100586,0.26393890380859375,0.1259474754333496,0.1875138282775879,0.04952239990234375,0.1875138282775879,0.04952239990234375,30,15,0.5
50,C,2,gnnexplainer,0.5,-2.6187326908111572,-2.6506943702697754,-2.3578226566314697,-3.0836172103881836,0.46488451957702637,0.4329228401184082,0.7257945537567139,0.031961679458618164,0.2609100341796875,-0.031961679458618164,0.2609100341796875,30,15,0.5
50,C,3,gnnexplainer,0.5,-12.352452278137207,-8.492962837219238,-11.702123641967773,-11.829119682312012,0.5233325958251953,3.3361568450927734,0.12699604034423828,3.8594894409179688,0.6503286361694336,2.812824249267578,-0.39633655548095703,30,15,0.5
50,C,4,gnnexplainer,0.5,-12.56570053100586,-10.239035606384277,-9.956381797790527,-12.671215057373047,0.1055145263671875,2.4321794509887695,2.7148332595825195,2.326664924621582,2.609318733215332,2.326664924621582,2.609318733215332,30,15,0.5
50,C,5,gnnexplainer,0.5,-1.2540905475616455,-1.8838874101638794,-1.0355256795883179,-1.9315294027328491,0.6774388551712036,0.04764199256896973,0.8960037231445312,0.6297968626022339,0.21856486797332764,-0.6297968626022339,0.21856486797332764,30,15,0.5
170,H,0,gnnexplainer,0.5,-0.08065252006053925,-0.10389608144760132,-0.08229146897792816,-0.026961499825119972,0.05369102023541927,0.07693458162248135,0.05532996915280819,0.023243561387062073,0.001638948917388916,0.023243561387062073,0.001638948917388916,42,21,0.5
170,H,1,gnnexplainer,0.5,-0.08064423501491547,-0.10329823195934296,-0.08660370856523514,-0.027961499989032745,0.05268273502588272,0.07533673197031021,0.05864220857620239,0.02265399694442749,0.005959473550319672,0.02265399694442749,0.005959473550319672,42,21,0.5
170,H,2,gnnexplainer,0.5,-0.08063553273677826,-0.1032886803150177,-0.07352244853973389,-0.027961499989032745,0.052674032747745514,0.07532718032598495,0.04556094855070114,0.02265314757823944,0.0071130841970443726,0.02265314757823944,-0.0071130841970443726,42,21,0.5
170,H,3,gnnexplainer,0.5,-0.08062697947025299,-0.0962434709072113,-0.08095971494913101,-0.026961499825119972,0.05366547964513302,0.06928197108209133,0.05399821512401104,0.015616491436958313,0.00033273547887802124,0.015616491436958313,0.00033273547887802124,42,21,0.5
170,H,4,gnnexplainer,0.5,-0.07791470736265182,-0.0905604436993599,-0.08011302351951599,-0.027961499989032745,0.04995320737361908,0.06259894371032715,0.052151523530483246,0.012645736336708069,0.0021983161568641663,0.012645736336708069,0.0021983161568641663,42,21,0.5
170,H,5,gnnexplainer,0.5,-0.07790467888116837,-0.0926024317741394,-0.07090140879154205,-0.026961499825119972,0.05094317905604839,0.06564093194901943,0.04393990896642208,0.014697752892971039,0.007003270089626312,0.014697752892971039,-0.007003270089626312,42,21,0.5
170,H,6,gnnexplainer,0.5,-0.07790350168943405,-0.09080999344587326,-0.07280033826828003,-0.026961499825119972,0.05094200186431408,0.06384849362075329,0.04583883844316006,0.012906491756439209,0.005103163421154022,0.012906491756439209,-0.005103163421154022,42,21,0.5
170,H,7,gnnexplainer,0.5,-0.07790827751159668,-0.10078328102827072,-0.06970254331827164,-0.02896150015294552,0.04894677735865116,0.0718217808753252,0.04074104316532612,0.022875003516674042,0.008205734193325043,0.022875003516674042,-0.008205734193325043,42,21,0.5
170,H,8,gnnexplainer,0.5,-0.07964935898780823,-0.12018116563558578,-0.09273812174797058,-0.02691764011979103,0.0527317188680172,0.09326352551579475,0.06582048162817955,0.04053180664777756,0.013088762760162354,0.04053180664777756,0.013088762760162354,42,21,0.5
170,H,9,gnnexplainer,0.5,-0.0796414166688919,-0.09885376691818237,-0.07838540524244308,-0.025917639955878258,0.05372377671301365,0.07293612696230412,0.05246776528656483,0.019212350249290466,0.001256011426448822,0.019212350249290466,-0.001256011426448822,42,21,0.5
170,H,10,gnnexplainer,0.5,-0.07964157313108444,-0.10785285383462906,-0.0789065808057785,-0.025917639955878258,0.053723933175206184,0.0819352138787508,0.052988940849900246,0.028211280703544617,0.0007349923253059387,0.028211280703544617,-0.0007349923253059387,42,21,0.5
170,H,11,gnnexplainer,0.5,-0.07965811342000961,-0.10645399987697601,-0.09470085799694061,-0.02896150015294552,0.050696613267064095,0.0774924997240305,0.0657393578439951,0.0267958864569664,0.015042744576931,0.0267958864569664,0.015042744576931,42,21,0.5
170,C,0,gnnexplainer,0.5,-2.0284276008605957,-2.215282440185547,-2.2375378608703613,-2.175614595413208,0.1471869945526123,0.03966784477233887,0.06192326545715332,0.18685483932495117,0.20911026000976562,-0.10751914978027344,-0.08526372909545898,42,21,0.5
170,C,1,gnnexplainer,0.5,-2.0285582542419434,-2.6733078956604004,-2.466118097305298,-2.1761586666107178,0.14760041236877441,0.4971492290496826,0.2899594306945801,0.644749641418457,0.4375598430633545,0.3495488166809082,0.14235901832580566,42,21,0.5
170,C,2,gnnexplainer,0.5,-2.1927924156188965,-2.504812240600586,-2.0362801551818848,-2.1926145553588867,0.00017786026000976562,0.3121976852416992,0.15633440017700195,0.31201982498168945,0.15651226043701172,0.31201982498168945,0.1561565399169922,42,21,0.5
170,C,3,gnnexplainer,0.5,-2.1926939487457275,-2.087778329849243,-2.106796979904175,-2.179614543914795,0.013079404830932617,0.09183621406555176,0.07281756401062012,0.10491561889648438,0.08589696884155273,0.07875680923461914,0.0597381591796875,42,21,0.5
170,C,4,gnnexplainer,0.5,-2.0527212619781494,-2.6801013946533203,-2.004342794418335,-2.1881580352783203,0.1354367733001709,0.491943359375,0.18381524085998535,0.6273801326751709,0.04837846755981445,0.3565065860748291,0.04837846755981445,42,21,0.5
170,C,5,gnnexplainer,0.5,-2.0526702404022217,-2.332273244857788,-1.6633793115615845,-2.174614429473877,0.12194418907165527,0.15765881538391113,0.5112351179122925,0.2796030044555664,0.3892909288406372,0.03571462631225586,0.3892909288406372,42,21,0.5
270,H,0,gnnexplainer,0.5,-0.06326740980148315,-0.08056055009365082,-0.04988694190979004,-0.04426804184913635,0.018999367952346802,0.036292508244514465,0.0056189000606536865,0.017293140292167664,0.013380467891693115,0.017293140292167664,-0.013380467891693115,22,11,0.5
270,H,1,gnnexplainer,0.5,-0.06325238198041916,-0.06740289181470871,-0.08811581134796143,-0.04426804184913635,0.018984340131282806,0.023134849965572357,0.04384776949882507,0.004150509834289551,0.024863429367542267,0.004150509834289551,0.024863429367542267,22,11,0.5
270,H,2,gnnexplainer,0.5,-0.11182482540607452,-0.11907412111759186,-0.10332050919532776,-0.1254609227180481,0.013636097311973572,0.006386801600456238,0.022140413522720337,0.007249295711517334,0.008504316210746765,-0.007249295711517334,0.008504316210746765,22,11,0.5
270,H,3,gnnexplainer,0.5,-0.11181138455867767,-0.12009811401367188,-0.15846723318099976,-0.12491703033447266,0.013105645775794983,0.004818916320800781,0.0335502028465271,0.008286729454994202,0.04665584862232208,-0.008286729454994202,0.020444557070732117,22,11,0.5
270,H,4,gnnexplainer,0.5,-0.11182227730751038,-0.12447008490562439,-0.11209085583686829,-0.12646092474460602,0.014638647437095642,0.0019908398389816284,0.014370068907737732,0.012647807598114014,0.00026857852935791016,-0.012647807598114014,-0.00026857852935791016,22,11,0.5
270,H,5,gnnexplainer,0.5,-0.11181676387786865,-0.12757357954978943,-0.12214848399162292,-0.12591703236103058,0.014100268483161926,0.00165654718875885,0.003768548369407654,0.015756815671920776,0.010331720113754272,-0.012443721294403076,-0.010331720113754272,22,11,0.5
270,C,0,gnnexplainer,0.5,-0.8327508568763733,-2.2582809925079346,-1.7792003154754639,-0.4850490391254425,0.3477018177509308,1.773231953382492,1.2941512763500214,1.4255301356315613,0.9464494585990906,1.4255301356315613,0.9464494585990906,22,11,0.5
270,C,1,gnnexplainer,0.5,-3.084488868713379,-2.7864155769348145,-3.3422374725341797,-2.464503288269043,0.6199855804443359,0.3219122886657715,0.8777341842651367,0.29807329177856445,0.2577486038208008,-0.29807329177856445,0.2577486038208008,22,11,0.5
270,C,2,gnnexplainer,0.5,-14.785540580749512,-12.843667984008789,-12.461071968078613,-16.523923873901367,1.7383832931518555,3.680255889892578,4.062851905822754,1.9418725967407227,2.3244686126708984,1.9418725967407227,2.3244686126708984,22,11,0.5
270,C,3,gnnexplainer,0.5,-3.084531784057617,-2.787263870239258,-1.9445403814315796,-2.4825034141540527,0.6020283699035645,0.3047604560852051,0.5379630327224731,0.2972679138183594,1.1399914026260376,-0.2972679138183594,-0.06406533718109131,22,11,0.5
330,H,0,gnnexplainer,0.5,-0.05332114174962044,-0.08211144804954529,-0.03265736252069473,-0.03665326535701752,0.01666787639260292,0.04545818269252777,0.003995902836322784,0.02879030629992485,0.020663779228925705,0.02879030629992485,-0.012671973556280136,22,11,0.5
330,H,1,gnnexplainer,0.5,-0.04627763852477074,-0.0506458543241024,-0.03343041613698006,-0.05347871407866478,0.007201075553894043,0.002832859754562378,0.020048297941684723,0.004368215799331665,0.01284722238779068,-0.004368215799331665,0.01284722238779068,22,11,0.5
330,H,2,gnnexplainer,0.5,-0.04633069783449173,-0.06286841630935669,-0.0599614679813385,-0.052478715777397156,0.006148017942905426,0.010389700531959534,0.007482752203941345,0.01653771847486496,0.013630770146846771,0.004241682589054108,0.0013347342610359192,22,11,0.5
330,H,3,gnnexplainer,0.5,-0.018737804144620895,-0.04555200785398483,-0.003300100564956665,-0.028382685035467148,0.009644880890846252,0.017169322818517685,0.025082584470510483,0.026814203709363937,0.01543770357966423,0.0075244419276714325,0.01543770357966423,22,11,0.5
330,H,4,gnnexplainer,0.5,-0.01875194162130356,-0.041999995708465576,-0.017089124768972397,-0.02938268519937992,0.010630743578076363,0.012617310509085655,0.012293560430407524,0.023248054087162018,0.0016628168523311615,0.0019865669310092926,0.0016628168523311615,22,11,0.5
330,H,5,gnnexplainer,0.5,-0.08483874797821045,-0.13669581711292267,-0.09962247312068939,-0.05086393281817436,0.03397481516003609,0.0858318842947483,0.04875854030251503,0.05185706913471222,0.014783725142478943,0.05185706913471222,0.014783725142478943,22,11,0.5
330,H,6,gnnexplainer,0.5,-0.14934495091438293,-0.1118781566619873,-0.15702122449874878,-0.19063477218151093,0.04128982126712799,0.07875661551952362,0.033613547682762146,0.03746679425239563,0.007676273584365845,0.03746679425239563,-0.007676273584365845,22,11,0.5
330,C,0,gnnexplainer,0.5,-1.6009703874588013,-2.9244511127471924,-2.1298186779022217,-1.5042518377304077,0.09671854972839355,1.4201992750167847,0.625566840171814,1.3234807252883911,0.5288482904434204,1.3234807252883911,0.5288482904434204,22,11,0.5
330,C,1,gnnexplainer,0.5,-1.3574010133743286,-3.3782384395599365,-1.259668231010437,-1.1874029636383057,0.16999804973602295,2.190835475921631,0.07226526737213135,2.020837426185608,0.0977327823638916,2.020837426185608,-0.0977327823638916,22,11,0.5
330,C,2,gnnexplainer,0.5,-6.480936527252197,-5.947206497192383,-5.4991583824157715,-7.547578811645508,1.0666422843933105,1.600372314453125,2.0484204292297363,0.5337300300598145,0.9817781448364258,0.5337300300598145,0.9817781448364258,22,11,0.5
360,H,0,gnnexplainer,0.5,-0.33236026763916016,-0.15188580751419067,-0.33236777782440186,-0.3191285729408264,0.01323169469833374,0.16724276542663574,0.01323920488357544,0.18047446012496948,7.510185241699219e-06,0.154011070728302,7.510185241699219e-06,24,12,0.5
360,H,1,gnnexplainer,0.5,-0.342712938785553,-0.16443464159965515,-0.40734681487083435,-0.26153138279914856,0.08118155598640442,0.09709674119949341,0.1458154320716858,0.17827829718589783,0.06463387608528137,0.01591518521308899,0.06463387608528137,24,12,0.5
360,H,2,gnnexplainer,0.5,-0.14684848487377167,-0.05407410487532616,-0.1557876467704773,-0.1154087483882904,0.03143973648548126,0.06133464351296425,0.04037889838218689,0.09277437999844551,0.008939161896705627,0.029894907027482986,0.008939161896705627,24,12,0.5
360,H,3,gnnexplainer,0.5,-0.14511096477508545,-0.03491201251745224,-0.12970030307769775,-0.14733904600143433,0.002228081226348877,0.11242703348398209,0.017638742923736572,0.11019895225763321,0.015410661697387695,0.11019895225763321,0.015410661697387695,24,12,0.5
360,H,4,gnnexplainer,0.5,-0.13666847348213196,-0.0477566160261631,-0.14601700007915497,-0.11875949054956436,0.017908982932567596,0.07100287452340126,0.027257509529590607,0.08891185745596886,0.00934852659702301,0.053093891590833664,0.00934852659702301,24,12,0.5
360,H,5,gnnexplainer,0.5,-0.1832352876663208,-0.09849116206169128,-0.1885005235671997,-0.16926804184913635,0.013967245817184448,0.07077687978744507,0.019232481718063354,0.08474412560462952,0.005265235900878906,0.05680963397026062,0.005265235900878906,24,12,0.5
360,H,6,gnnexplainer,0.5,-0.17076992988586426,-0.07871479541063309,-0.14485150575637817,-0.20832136273384094,0.037551432847976685,0.12960656732320786,0.06346985697746277,0.09205513447523117,0.025918424129486084,0.09205513447523117,0.025918424129486084,24,12,0.5
360,C,0,gnnexplainer,0.5,-3.523756980895996,-2.026850700378418,-3.871201276779175,-4.043220043182373,0.519463062286377,2.016369342803955,0.17201876640319824,1.4969062805175781,0.3474442958831787,1.4969062805175781,-0.3474442958831787,24,12,0.5
360,C,1,gnnexplainer,0.5,-14.09076976776123,-8.3152437210083,-14.319228172302246,-14.111479759216309,0.020709991455078125,5.796236038208008,0.2077484130859375,5.77552604675293,0.22845840454101562,5.77552604675293,0.18703842163085938,24,12,0.5
360,C,2,gnnexplainer,0.5,-11.013855934143066,-7.166133880615234,-10.54508113861084,-9.470762252807617,1.5430936813354492,2.304628372192383,1.0743188858032227,3.847722053527832,0.46877479553222656,0.7615346908569336,-0.46877479553222656,24,12,0.5
360,C,3,gnnexplainer,0.5,-1.671934723854065,-2.621203899383545,-1.6122076511383057,-1.504056692123413,0.16787803173065186,1.1171472072601318,0.10815095901489258,0.94926917552948,0.05972707271575928,0.94926917552948,-0.05972707271575928,24,12,0.5
380,H,0,gnnexplainer,0.5,-0.13993945717811584,-0.05934522673487663,-0.14495527744293213,-0.11915438622236252,0.020785070955753326,0.059809159487485886,0.02580089122056961,0.08059423044323921,0.005015820264816284,0.03902408853173256,0.005015820264816284,24,12,0.5
380,H,1,gnnexplainer,0.5,-0.13264447450637817,-0.08621218800544739,-0.13827630877494812,-0.1529437154531479,0.020299240946769714,0.0667315274477005,0.014667406678199768,0.046432286500930786,0.005631834268569946,0.046432286500930786,-0.005631834268569946,24,12,0.5
380,H,2,gnnexplainer,0.5,-0.13482002913951874,-0.07225869596004486,-0.14171786606311798,-0.11749634146690369,0.01732368767261505,0.045237645506858826,0.024221524596214294,0.06256133317947388,0.006897836923599243,0.027913957834243774,0.006897836923599243,24,12,0.5
380,H,3,gnnexplainer,0.5,-0.1763220578432083,-0.1068001314997673,-0.1831776201725006,-0.2253120243549347,0.04898996651172638,0.11851189285516739,0.04213440418243408,0.06952192634344101,0.006855562329292297,0.06952192634344101,-0.006855562329292297,24,12,0.5
380,H,4,gnnexplainer,0.5,-0.17767122387886047,-0.11432673037052155,-0.15059038996696472,-0.19009250402450562,0.012421280145645142,0.07576577365398407,0.039502114057540894,0.06334449350833893,0.027080833911895752,0.06334449350833893,0.027080833911895752,24,12,0.5
380,H,5,gnnexplainer,0.5,-0.019281115382909775,-0.022962167859077454,-0.008219227194786072,0.054915860295295715,0.07419697567820549,0.07787802815437317,0.06313508749008179,0.003681052476167679,0.011061888188123703,0.003681052476167679,-0.011061888188123703,24,12,0.5
380,H,6,gnnexplainer,0.5,-0.02779546007514,-0.04110867157578468,-0.023642711341381073,-0.026584316045045853,0.0012111440300941467,0.01452435553073883,0.0029416047036647797,0.013313211500644684,0.004152748733758926,0.013313211500644684,0.001730460673570633,24,12,0.5
380,H,7,gnnexplainer,0.5,-0.025298241525888443,-0.03589223697781563,-0.034656308591365814,-0.0037771498318761587,0.021521091694012284,0.03211508714593947,0.030879158759489655,0.010593995451927185,0.009358067065477371,0.010593995451927185,0.009358067065477371,24,12,0.5
380,C,0,gnnexplainer,0.5,-0.011481314897537231,-1.5731667280197144,-0.32512933015823364,0.17328409850597382,0.18476541340351105,1.7464508265256882,0.49841342866420746,1.5616854131221771,0.3136480152606964,1.5616854131221771,0.3136480152606964,24,12,0.5
380,C,1,gnnexplainer,0.5,-2.963667631149292,-2.4981327056884766,-2.7350823879241943,-2.9316675662994385,0.032000064849853516,0.4335348606109619,0.19658517837524414,0.46553492546081543,0.22858524322509766,0.4015347957611084,0.16458511352539062,24,12,0.5
380,C,2,gnnexplainer,0.5,-15.949727058410645,-13.85305404663086,-16.547035217285156,-16.425132751464844,0.4754056930541992,2.5720787048339844,0.1219024658203125,2.096673011779785,0.5973081588745117,2.096673011779785,-0.3535032272338867,24,12,0.5
380,C,3,gnnexplainer,0.5,-1.695212483406067,-2.5559215545654297,-1.4028425216674805,-1.3898565769195557,0.30535590648651123,1.166064977645874,0.012985944747924805,0.8607090711593628,0.2923699617385864,0.8607090711593628,-0.2923699617385864,24,12,0.5
450,H,0,gnnexplainer,0.5,-0.04355114698410034,-0.012024760246276855,-0.07920296490192413,0.03275012969970703,0.07630127668380737,0.04477488994598389,0.11195309460163116,0.031526386737823486,0.03565181791782379,-0.031526386737823486,0.03565181791782379,30,15,0.5
450,H,1,gnnexplainer,0.5,-0.06927318125963211,-0.05770070478320122,-0.06963934749364853,-0.0715140700340271,0.002240888774394989,0.013813365250825882,0.0018747225403785706,0.011572476476430893,0.00036616623401641846,0.011572476476430893,-0.00036616623401641846,30,15,0.5
450,H,2,gnnexplainer,0.5,-0.06935058534145355,-0.04218703508377075,-0.0880628153681755,-0.07355805486440659,0.0042074695229530334,0.031371019780635834,0.014504760503768921,0.0271635502576828,0.018712230026721954,0.0271635502576828,0.010297290980815887,30,15,0.5
450,H,3,gnnexplainer,0.5,-0.14339891076087952,-0.13339611887931824,-0.1466968059539795,-0.23171529173851013,0.08831638097763062,0.0983191728591919,0.08501848578453064,0.01000279188156128,0.0032978951930999756,0.01000279188156128,-0.0032978951930999756,30,15,0.5
450,C,0,gnnexplainer,0.5,-5.920004844665527,-6.679527759552002,-5.833149433135986,-7.761427879333496,1.8414230346679688,1.0819001197814941,1.9282784461975098,0.7595229148864746,0.08685541152954102,-0.7595229148864746,0.08685541152954102,30,15,0.5
450,C,1,gnnexplainer,0.5,-8.008285522460938,-5.657609462738037,-8.813196182250977,-9.08093547821045,1.0726499557495117,3.423326015472412,0.26773929595947266,2.3506760597229004,0.8049106597900391,2.3506760597229004,-0.8049106597900391,30,15,0.5
450,C,2,gnnexplainer,0.5,-0.7208598256111145,-2.429459810256958,-0.6605985760688782,-0.7991183996200562,0.07825857400894165,1.6303414106369019,0.13851982355117798,1.7085999846458435,0.06026124954223633,1.5520828366279602,0.06026124954223633,30,15,0.5
450,C,3,gnnexplainer,0.5,-5.4790120124816895,-5.4539055824279785,-5.5786213874816895,-5.140366077423096,0.33864593505859375,0.3135395050048828,0.43825531005859375,0.025106430053710938,0.099609375,-0.025106430053710938,0.099609375,30,15,0.5
450,C,4,gnnexplainer,0.5,-3.9353888034820557,-3.0715839862823486,-3.497936964035034,-3.6308069229125977,0.304581880569458,0.559222936630249,0.13286995887756348,0.863804817199707,0.4374518394470215,0.254641056060791,-0.17171192169189453,30,15,0.5
490,H,0,gnnexplainer,0.5,-0.17315952479839325,-0.10501082241535187,-0.15936550498008728,-0.23058383166790009,0.057424306869506836,0.12557300925254822,0.0712183266878128,0.06814870238304138,0.01379401981830597,0.06814870238304138,0.01379401981830597,30,15,0.5
490,H,1,gnnexplainer,0.5,-0.15685632824897766,-0.0910988599061966,-0.16359087824821472,-0.249619260430336,0.09276293218135834,0.1585204005241394,0.08602838218212128,0.06575746834278107,0.0067345499992370605,0.06575746834278107,-0.0067345499992370605,30,15,0.5
490,H,2,gnnexplainer,0.5,-0.18034976720809937,-0.12719601392745972,-0.1841469407081604,-0.26599687337875366,0.0856471061706543,0.13880085945129395,0.08184993267059326,0.05315375328063965,0.003797173500061035,0.05315375328063965,-0.003797173500061035,30,15,0.5
490,H,5,gnnexplainer,0.5,-0.12873896956443787,-0.0809791311621666,-0.12244074791669846,-0.1509436070919037,0.02220463752746582,0.06996447592973709,0.02850285917520523,0.04775983840227127,0.00629822164773941,0.04775983840227127,0.00629822164773941,30,15,0.5
490,H,6,gnnexplainer,0.5,-0.12632957100868225,-0.07298987358808517,-0.10650742799043655,-0.1284528225660324,0.0021232515573501587,0.055462948977947235,0.021945394575595856,0.053339697420597076,0.019822143018245697,0.053339697420597076,0.019822143018245697,30,15,0.5
490,C,0,gnnexplainer,0.5,-3.129530668258667,-2.400052070617676,-3.165062189102173,-4.111388683319092,0.9818580150604248,1.711336612701416,0.946326494216919,0.7294785976409912,0.03553152084350586,0.7294785976409912,-0.03553152084350586,30,15,0.5
490,C,1,gnnexplainer,0.5,-15.582393646240234,-12.294671058654785,-17.22159194946289,-16.991817474365234,1.409423828125,4.697146415710449,0.22977447509765625,3.287722587585449,1.6391983032226562,3.287722587585449,-1.1796493530273438,30,15,0.5
490,C,2,gnnexplainer,0.5,-3.881084442138672,-2.644320011138916,-4.220097064971924,-4.111124038696289,0.2300395965576172,1.466804027557373,0.10897302627563477,1.2367644309997559,0.33901262283325195,1.2367644309997559,-0.12106657028198242,30,15,0.5
490,C,3,gnnexplainer,0.5,-2.2796802520751953,-2.7065248489379883,-2.3772873878479004,-3.4353280067443848,1.1556477546691895,0.7288031578063965,1.0580406188964844,0.42684459686279297,0.09760713577270508,-0.42684459686279297,-0.09760713577270508,30,15,0.5
510,H,0,gnnexplainer,0.5,-0.0641452819108963,-0.07722730934619904,-0.07290062308311462,-0.06858395785093307,0.004438675940036774,0.00864335149526596,0.004316665232181549,0.013082027435302734,0.008755341172218323,0.004204675555229187,-0.00012201070785522461,38,19,0.5
510,H,1,gnnexplainer,0.5,-0.07207746058702469,-0.07249756157398224,-0.07096361368894577,-0.10737372934818268,0.03529626876115799,0.03487616777420044,0.03641011565923691,0.00042010098695755005,0.0011138468980789185,-0.00042010098695755005,0.0011138468980789185,38,19,0.5
510,H,2,gnnexplainer,0.5,-0.054743897169828415,-0.0920121818780899,-0.062061116099357605,-0.030469827353954315,0.0242740698158741,0.06154235452413559,0.03159128874540329,0.03726828470826149,0.00731721892952919,0.03726828470826149,0.00731721892952919,38,19,0.5
510,H,3,gnnexplainer,0.5,-0.0725153461098671,-0.09429408609867096,-0.07895293086767197,-0.1194084882736206,0.04689314216375351,0.025114402174949646,0.04045555740594864,0.021778739988803864,0.006437584757804871,-0.021778739988803864,-0.006437584757804871,38,19,0.5
510,H,4,gnnexplainer,0.5,-0.06956268846988678,-0.10995659977197647,-0.08159120380878448,-0.058769065886735916,0.010793622583150864,0.051187533885240555,0.02282213792204857,0.04039391130208969,0.012028515338897705,0.04039391130208969,0.012028515338897705,38,19,0.5
510,H,5,gnnexplainer,0.5,-0.06805552542209625,-0.10921700298786163,-0.062103401869535446,-0.07969000190496445,0.011634476482868195,0.029527001082897186,0.017586600035429,0.04116147756576538,0.005952123552560806,0.01789252460002899,0.005952123552560806,38,19,0.5
510,H,6,gnnexplainer,0.5,-0.040923863649368286,-0.07584787160158157,-0.059351347386837006,-0.04133903980255127,0.0004151761531829834,0.034508831799030304,0.018012307584285736,0.03492400795221329,0.01842748373746872,0.03409365564584732,0.017597131431102753,38,19,0.5
510,H,7,gnnexplainer,0.5,-0.02234116941690445,-0.0629337728023529,-0.020574934780597687,-0.03561985865235329,0.013278689235448837,0.02731391414999962,0.0150449238717556,0.040592603385448456,0.0017662346363067627,0.014035224914550781,0.0017662346363067627,38,19,0.5
510,H,8,gnnexplainer,0.5,-0.057253893464803696,-0.0889851376414299,-0.06112976744771004,-0.0713830441236496,0.014129150658845901,0.017602093517780304,0.01025327667593956,0.031731244176626205,0.0038758739829063416,0.0034729428589344025,-0.0038758739829063416,38,19,0.5
510,H,9,gnnexplainer,0.5,-0.06739038974046707,-0.10752398520708084,-0.053929027169942856,-0.08068999648094177,0.013299606740474701,0.02683398872613907,0.026760969310998917,0.04013359546661377,0.013461362570524216,0.013534381985664368,0.013461362570524216,38,19,0.5
510,C,0,gnnexplainer,0.5,-3.183384895324707,-2.8927369117736816,-2.940098285675049,-2.6794397830963135,0.5039451122283936,0.21329712867736816,0.26065850257873535,0.2906479835510254,0.2432866096496582,-0.2906479835510254,-0.2432866096496582,38,19,0.5
510,C,1,gnnexplainer,0.5,-2.929103136062622,-3.0544281005859375,-2.6151907444000244,-2.8548877239227295,0.07421541213989258,0.199540376663208,0.23969697952270508,0.12532496452331543,0.31391239166259766,0.12532496452331543,0.1654815673828125,38,19,0.5
510,C,2,gnnexplainer,0.5,-4.82141637802124,-3.7053592205047607,-4.618248462677002,-4.148713111877441,0.6727032661437988,0.44335389137268066,0.46953535079956055,1.1160571575164795,0.20316791534423828,-0.22934937477111816,-0.20316791534423828,38,19,0.5
510,C,3,gnnexplainer,0.5,-1.93549382686615,-3.2919797897338867,-1.101019024848938,-0.3196980357170105,1.6157957911491394,2.972281754016876,0.7813209891319275,1.3564859628677368,0.8344748020172119,1.3564859628677368,-0.8344748020172119,38,19,0.5
510,C,4,gnnexplainer,0.5,-0.8245482444763184,-2.156628370285034,-0.5432335734367371,-0.5578681230545044,0.26668012142181396,1.5987602472305298,0.014634549617767334,1.3320801258087158,0.2813146710395813,1.3320801258087158,-0.25204557180404663,38,19,0.5
510,C,5,gnnexplainer,0.5,-1.521938443183899,-2.5114552974700928,-0.9384257197380066,-0.3343559503555298,1.1875824928283691,2.177099347114563,0.6040697693824768,0.9895168542861938,0.5835127234458923,0.9895168542861938,-0.5835127234458923,38,19,0.5
530,H,0,gnnexplainer,0.5,-0.08534625172615051,-0.07810065150260925,-0.10181724280118942,-0.16678637266159058,0.08144012093544006,0.08868572115898132,0.06496912986040115,0.00724560022354126,0.01647099107503891,0.00724560022354126,-0.01647099107503891,20,10,0.5
530,H,1,gnnexplainer,0.5,-0.09019753336906433,-0.08536931872367859,-0.10124039649963379,-0.13316234946250916,0.042964816093444824,0.047793030738830566,0.031921952962875366,0.004828214645385742,0.011042863130569458,0.004828214645385742,-0.011042863130569458,20,10,0.5
530,H,2,gnnexplainer,0.5,-0.030807171016931534,-0.03953301161527634,-0.0477009043097496,-0.0575319267809391,0.02672475576400757,0.017998915165662766,0.009831022471189499,0.008725840598344803,0.01689373329281807,-0.008725840598344803,-0.01689373329281807,20,10,0.5
530,H,3,gnnexplainer,0.5,-0.04008097946643829,-0.09461341798305511,-0.04286866635084152,-0.04089127480983734,0.0008102953433990479,0.05372214317321777,0.001977391541004181,0.05453243851661682,0.0027876868844032288,0.052911847829818726,0.001167096197605133,20,10,0.5
530,H,4,gnnexplainer,0.5,-0.03763440251350403,-0.09593915939331055,-0.09865401685237885,-0.06429433822631836,0.02665993571281433,0.03164482116699219,0.034359678626060486,0.05830475687980652,0.06101961433887482,0.0049848854541778564,0.007699742913246155,20,10,0.5
530,C,0,gnnexplainer,0.5,-2.6694869995117188,-2.7533445358276367,-2.5688083171844482,-2.8974430561065674,0.22795605659484863,0.14409852027893066,0.32863473892211914,0.08385753631591797,0.10067868232727051,-0.08385753631591797,0.10067868232727051,20,10,0.5
530,C,1,gnnexplainer,0.5,-3.2187187671661377,-3.2074949741363525,-2.545273542404175,-2.7582390308380127,0.460479736328125,0.44925594329833984,0.2129654884338379,0.011223793029785156,0.6734452247619629,-0.011223793029785156,-0.2475142478942871,20,10,0.5
530,C,2,gnnexplainer,0.5,-4.761256694793701,-4.262060165405273,-5.58027982711792,-4.5724406242370605,0.18881607055664062,0.3103804588317871,1.0078392028808594,0.49919652938842773,0.8190231323242188,0.12156438827514648,0.8190231323242188,20,10,0.5
610,H,0,gnnexplainer,0.5,-0.44238173961639404,-0.1276797652244568,-0.48389071226119995,-0.615548849105835,0.17316710948944092,0.4878690838813782,0.131658136844635,0.31470197439193726,0.04150897264480591,0.31470197439193726,-0.04150897264480591,24,12,0.5
610,H,1,gnnexplainer,0.5,-0.1651545912027359,-0.09630951285362244,-0.1695498675107956,-0.12229462713003159,0.042859964072704315,0.02598511427640915,0.04725524038076401,0.06884507834911346,0.004395276308059692,-0.016874849796295166,0.004395276308059692,24,12,0.5
610,H,2,gnnexplainer,0.5,-0.13610506057739258,-0.04624713584780693,-0.13460949063301086,-0.1601894050836563,0.024084344506263733,0.11394226923584938,0.025579914450645447,0.08985792472958565,0.0014955699443817139,0.08985792472958565,0.0014955699443817139,24,12,0.5
610,H,3,gnnexplainer,0.5,-0.1795758754014969,-0.11636905372142792,-0.12022451311349869,-0.18318936228752136,0.003613486886024475,0.06682030856609344,0.06296484917402267,0.06320682168006897,0.0593513622879982,0.06320682168006897,0.0593513622879982,24,12,0.5
610,H,4,gnnexplainer,0.5,-0.500056803226471,-0.10806101560592651,-0.6128708720207214,-0.6312503814697266,0.13119357824325562,0.5231893658638,0.018379509449005127,0.39199578762054443,0.11281406879425049,0.39199578762054443,-0.11281406879425049,24,12,0.5
610,H,5,gnnexplainer,0.5,-0.14004060626029968,-0.05475708842277527,-0.14801767468452454,-0.12377718091011047,0.01626342535018921,0.0690200924873352,0.024240493774414062,0.08528351783752441,0.007977068424224854,0.052756667137145996,0.007977068424224854,24,12,0.5
610,H,6,gnnexplainer,0.5,-0.12860378623008728,-0.06470928341150284,-0.1401921808719635,-0.14696994423866272,0.01836615800857544,0.08226066082715988,0.006777763366699219,0.06389450281858444,0.01158839464187622,0.06389450281858444,-0.01158839464187622,24,12,0.5
610,H,7,gnnexplainer,0.5,-0.16811057925224304,-0.11275047063827515,-0.15184879302978516,-0.19154877960681915,0.02343820035457611,0.078798308968544,0.039699986577034,0.055360108613967896,0.016261786222457886,0.055360108613967896,0.016261786222457886,24,12,0.5
610,C,0,gnnexplainer,0.5,-16.07822036743164,-13.107067108154297,-16.483173370361328,-18.057586669921875,1.9793663024902344,4.950519561767578,1.5744132995605469,2.9711532592773438,0.4049530029296875,2.9711532592773438,-0.4049530029296875,24,12,0.5
610,C,1,gnnexplainer,0.5,-16.779712677001953,-13.535698890686035,-18.397201538085938,-17.75385856628418,0.9741458892822266,4.2181596755981445,0.6433429718017578,3.244013786315918,1.6174888610839844,3.244013786315918,-0.33080291748046875,24,12,0.5
610,C,2,gnnexplainer,0.5,-1.856040596961975,-2.319986343383789,-1.9666520357131958,-2.5053277015686035,0.6492871046066284,0.18534135818481445,0.5386756658554077,0.46394574642181396,0.1106114387512207,-0.46394574642181396,-0.1106114387512207,24,12,0.5
610,C,3,gnnexplainer,0.5,-1.9090392589569092,-2.3506736755371094,-2.546767234802246,-2.3740406036376953,0.46500134468078613,0.023366928100585938,0.17272663116455078,0.4416344165802002,0.6377279758453369,-0.4416344165802002,-0.29227471351623535,24,12,0.5
620,H,0,gnnexplainer,0.5,-0.22838380932807922,-0.11228207498788834,-0.2557029128074646,-0.2509962022304535,0.022612392902374268,0.13871412724256516,0.004706710577011108,0.11610173434019089,0.027319103479385376,0.11610173434019089,-0.01790568232536316,32,16,0.5
620,H,1,gnnexplainer,0.5,-0.228367418050766,-0.12428569793701172,-0.21657171845436096,-0.24986469745635986,0.021497279405593872,0.12557899951934814,0.0332929790019989,0.10408172011375427,0.01179569959640503,0.10408172011375427,0.01179569959640503,32,16,0.5
620,H,2,gnnexplainer,0.5,-0.2283584177494049,-0.12640421092510223,-0.24087703227996826,-0.2488207370042801,0.020462319254875183,0.12241652607917786,0.007943704724311829,0.10195420682430267,0.012518614530563354,0.10195420682430267,-0.012518614530563354,32,16,0.5
620,H,3,gnnexplainer,0.5,-0.22839093208312988,-0.13509246706962585,-0.24135473370552063,-0.25204017758369446,0.023649245500564575,0.1169477105140686,0.010685443878173828,0.09329846501350403,0.012963801622390747,0.09329846501350403,-0.012963801622390747,32,16,0.5
620,H,4,gnnexplainer,0.5,-0.22839006781578064,-0.129139244556427,-0.23148930072784424,-0.251996248960495,0.023606181144714355,0.122857004404068,0.020506948232650757,0.09925082325935364,0.0030992329120635986,0.09925082325935364,-0.0030992329120635986,32,16,0.5
620,H,5,gnnexplainer,0.5,-0.22836831212043762,-0.14008471369743347,-0.24187666177749634,-0.24986469745635986,0.02149638533592224,0.10977998375892639,0.007988035678863525,0.08828359842300415,0.013508349657058716,0.08828359842300415,-0.013508349657058716,32,16,0.5
620,H,6,gnnexplainer,0.5,-0.00035447627305984497,-0.04035695269703865,-0.022632572799921036,0.08161692321300507,0.08197139948606491,0.12197387591004372,0.1042494960129261,0.040002476423978806,0.02227809652686119,0.040002476423978806,0.02227809652686119,32,16,0.5
620,H,7,gnnexplainer,0.5,-0.0003616511821746826,-0.052145931869745255,-0.002081960439682007,0.0810290277004242,0.08139067888259888,0.13317495957016945,0.0831109881401062,0.05178428068757057,0.0017203092575073242,0.05178428068757057,0.0017203092575073242,32,16,0.5
620,H,8,gnnexplainer,0.5,-0.00035750120878219604,-0.025375477969646454,-0.0005075260996818542,0.08161692321300507,0.08197442442178726,0.10699240118265152,0.08212444931268692,0.025017976760864258,0.0001500248908996582,0.025017976760864258,0.0001500248908996582,32,16,0.5
620,H,9,gnnexplainer,0.5,-0.01004878431558609,-0.09857429563999176,-0.030075326561927795,0.17055636644363403,0.18060515075922012,0.2691306620836258,0.20063169300556183,0.08852551132440567,0.020026542246341705,0.08852551132440567,0.020026542246341705,32,16,0.5
620,C,0,gnnexplainer,0.5,-8.43395709991455,-7.431890964508057,-8.438158988952637,-8.185676574707031,0.24828052520751953,0.7537856101989746,0.25248241424560547,1.0020661354064941,0.0042018890380859375,0.5055050849914551,0.0042018890380859375,32,16,0.5
620,C,1,gnnexplainer,0.5,-8.439017295837402,-7.0619330406188965,-8.331284523010254,-8.185914039611816,0.25310325622558594,1.12398099899292,0.1453704833984375,1.3770842552185059,0.10773277282714844,0.870877742767334,-0.10773277282714844,32,16,0.5
620,C,2,gnnexplainer,0.5,-8.438666343688965,-7.297770023345947,-8.643550872802734,-8.188501358032227,0.2501649856567383,0.8907313346862793,0.4550495147705078,1.1408963203430176,0.20488452911376953,0.640566349029541,0.20488452911376953,32,16,0.5
620,C,3,gnnexplainer,0.5,-8.43066120147705,-7.525162220001221,-8.772638320922852,-8.189264297485352,0.24139690399169922,0.6641020774841309,0.5833740234375,0.9054989814758301,0.3419771194458008,0.42270517349243164,0.3419771194458008,32,16,0.5
620,C,4,gnnexplainer,0.5,-8.43023681640625,-6.151222229003906,-8.556811332702637,-8.187677383422852,0.24255943298339844,2.0364551544189453,0.36913394927978516,2.2790145874023438,0.12657451629638672,1.7938957214355469,0.12657451629638672,32,16,0.5
620,C,5,gnnexplainer,0.5,-8.442373275756836,-7.0210418701171875,-8.911396980285645,-8.186501502990723,0.2558717727661133,1.1654596328735352,0.7248954772949219,1.4213314056396484,0.4690237045288086,0.9095878601074219,0.4690237045288086,32,16,0.5
620,C,6,gnnexplainer,0.5,0.4642379879951477,-2.1069867610931396,0.3087441921234131,1.20413076877594,0.7398927807807922,3.3111175298690796,0.8953865766525269,2.5712247490882874,0.15549379587173462,2.5712247490882874,0.15549379587173462,32,16,0.5
640,H,0,gnnexplainer,0.5,-0.21126306056976318,-0.1282987892627716,-0.21434172987937927,0.13790667057037354,0.3491697311401367,0.26620545983314514,0.3522484004497528,0.08296427130699158,0.003078669309616089,-0.08296427130699158,0.003078669309616089,38,19,0.5
640,H,1,gnnexplainer,0.5,-0.21125224232673645,-0.12052416801452637,-0.17864006757736206,0.13790667057037354,0.34915891289711,0.2584308385848999,0.3165467381477356,0.09072807431221008,0.03261217474937439,-0.09072807431221008,-0.03261217474937439,38,19,0.5
640,H,2,gnnexplainer,0.5,-0.04018162190914154,-0.051820963621139526,-0.03800826519727707,-0.010049479082226753,0.030132142826914787,0.04177148453891277,0.027958786115050316,0.011639341711997986,0.0021733567118644714,0.011639341711997986,-0.0021733567118644714,38,19,0.5
640,H,3,gnnexplainer,0.5,-0.02698579430580139,-0.02064332365989685,-0.04362430050969124,-0.030795302242040634,0.0038095079362392426,0.010151978582143784,0.012828998267650604,0.006342470645904541,0.016638506203889847,0.006342470645904541,0.009019490331411362,38,19,0.5
640,H,4,gnnexplainer,0.5,-0.029253706336021423,-0.030227292329072952,-0.045737311244010925,-0.03988323733210564,0.010629530996084213,0.009655945003032684,0.005854073911905289,0.0009735859930515289,0.016483604907989502,-0.0009735859930515289,-0.0047754570841789246,38,19,0.5
640,H,5,gnnexplainer,0.5,-0.07945401221513748,-0.08849117904901505,-0.08600087463855743,-0.08353185653686523,0.004077844321727753,0.004959322512149811,0.0024690181016921997,0.009037166833877563,0.006546862423419952,0.0008814781904220581,-0.001608826220035553,38,19,0.5
640,H,6,gnnexplainer,0.5,-0.11835552006959915,-0.10640476644039154,-0.10995440185070038,-0.10661061108112335,0.0117449089884758,0.00020584464073181152,0.0033437907695770264,0.011950753629207611,0.008401118218898773,-0.011539064347743988,-0.008401118218898773,38,19,0.5
640,H,7,gnnexplainer,0.5,-0.06900552660226822,-0.11925496906042099,-0.0671706274151802,-0.07117222994565964,0.0021667033433914185,0.04808273911476135,0.004001602530479431,0.05024944245815277,0.0018348991870880127,0.045916035771369934,0.0018348991870880127,38,19,0.5
640,H,8,gnnexplainer,0.5,-0.10110029578208923,-0.13967007398605347,-0.11855129897594452,-0.12511934340000153,0.024019047617912292,0.014550730586051941,0.006568044424057007,0.03856977820396423,0.017451003193855286,-0.009468317031860352,-0.017451003193855286,38,19,0.5
640,H,9,gnnexplainer,0.5,-0.07945292443037033,-0.08182032406330109,-0.08068621158599854,-0.08353185653686523,0.0040789321064949036,0.001711532473564148,0.0028456449508666992,0.0023673996329307556,0.0012332871556282043,-0.0023673996329307556,-0.0012332871556282043,38,19,0.5
640,H,10,gnnexplainer,0.5,-0.11835354566574097,-0.13308550417423248,-0.1415751874446869,-0.10661061108112335,0.011742934584617615,0.02647489309310913,0.03496457636356354,0.014731958508491516,0.023221641778945923,0.014731958508491516,0.023221641778945923,38,19,0.5
640,H,11,gnnexplainer,0.5,-0.04018741473555565,-0.06263189762830734,-0.04501686990261078,-0.010049479082226753,0.030137935653328896,0.05258241854608059,0.034967390820384026,0.022444482892751694,0.00482945516705513,0.022444482892751694,0.00482945516705513,38,19,0.5
640,H,12,gnnexplainer,0.5,-0.029250383377075195,-0.03516276925802231,-0.029700301587581635,-0.04088323935866356,0.011632855981588364,0.005720470100641251,0.011182937771081924,0.005912385880947113,0.0004499182105064392,-0.005912385880947113,-0.0004499182105064392,38,19,0.5
640,H,13,gnnexplainer,0.5,-0.026982992887496948,-0.02289801836013794,-0.025537334382534027,-0.030795302242040634,0.003812309354543686,0.007897283881902695,0.005257967859506607,0.004084974527359009,0.0014456585049629211,0.004084974527359009,0.0014456585049629211,38,19,0.5
640,C,0,gnnexplainer,0.5,-7.860611915588379,-5.004624843597412,-9.732489585876465,-8.271045684814453,0.4104337692260742,3.266420841217041,1.4614439010620117,2.855987071990967,1.871877670288086,2.855987071990967,1.0510101318359375,38,19,0.5
640,C,1,gnnexplainer,0.5,-7.8596673011779785,-5.816708564758301,-8.427170753479004,-8.270045280456543,0.41037797927856445,2.453336715698242,0.15712547302246094,2.0429587364196777,0.5675034523010254,2.0429587364196777,-0.2532525062561035,38,19,0.5
640,C,2,gnnexplainer,0.5,-0.4793398380279541,-2.275547742843628,-0.5631355047225952,-0.608948290348053,0.12960845232009888,1.666599452495575,0.045812785625457764,1.7962079048156738,0.08379566669464111,1.536991000175476,-0.08379566669464111,38,19,0.5
640,C,3,gnnexplainer,0.5,-1.0577682256698608,-2.24837327003479,-1.1135143041610718,-1.4114946126937866,0.3537263870239258,0.8368786573410034,0.29798030853271484,1.1906050443649292,0.05574607849121094,0.48315227031707764,-0.05574607849121094,38,19,0.5
640,C,4,gnnexplainer,0.5,-1.6062666177749634,-2.353724241256714,-1.2653155326843262,-2.1460978984832764,0.539831280708313,0.2076263427734375,0.8807823657989502,0.7474576234817505,0.3409510850906372,-0.3322049379348755,0.3409510850906372,38,19,0.5
640,C,5,gnnexplainer,0.5,-1.0578246116638184,-2.7689366340637207,-0.9414694905281067,-1.4114511013031006,0.3536264896392822,1.3574855327606201,0.4699816107749939,1.7111120223999023,0.11635512113571167,1.003859043121338,0.11635512113571167,38,19,0.5
640,C,6,gnnexplainer,0.5,-0.47932881116867065,-2.1598422527313232,-0.5082079768180847,-0.6109034419059753,0.1315746307373047,1.548938810825348,0.10269546508789062,1.6805134415626526,0.028879165649414062,1.4173641800880432,-0.028879165649414062,38,19,0.5
650,H,0,gnnexplainer,0.5,-0.034940771758556366,-0.04478791728615761,-0.03941124677658081,-0.047470711171627045,0.012529939413070679,0.0026827938854694366,0.008059464395046234,0.009847145527601242,0.004470475018024445,-0.009847145527601242,-0.004470475018024445,40,20,0.5
650,H,1,gnnexplainer,0.5,-0.06100916862487793,-0.09472571313381195,-0.05667614936828613,-0.0373387411236763,0.02367042750120163,0.05738697201013565,0.019337408244609833,0.03371654450893402,0.004333019256591797,0.03371654450893402,-0.004333019256591797,40,20,0.5
650,H,2,gnnexplainer,0.5,-0.024738125503063202,-0.03468186408281326,-0.02129983901977539,-0.021102281287312508,0.0036358442157506943,0.013579582795500755,0.000197557732462883,0.009943738579750061,0.0034382864832878113,0.009943738579750061,-0.0034382864832878113,40,20,0.5
650,H,3,gnnexplainer,0.5,-0.10827633738517761,-0.1002548336982727,-0.09630800783634186,-0.09628623723983765,0.011990100145339966,0.003968596458435059,2.1770596504211426e-05,0.008021503686904907,0.011968329548835754,-0.008021503686904907,-0.011968329548835754,40,20,0.5
650,H,4,gnnexplainer,0.5,-0.05421527847647667,-0.035605110228061676,-0.07002270966768265,-0.1060146912932396,0.051799412816762924,0.07040958106517792,0.035991981625556946,0.018610168248414993,0.01580743119120598,0.018610168248414993,-0.01580743119120598,40,20,0.5
650,H,5,gnnexplainer,0.5,-0.0340970978140831,-0.04487099125981331,-0.02617032080888748,-0.045926790684461594,0.011829692870378494,0.001055799424648285,0.019756469875574112,0.01077389344573021,0.007926777005195618,-0.01077389344573021,0.007926777005195618,40,20,0.5
650,H,6,gnnexplainer,0.5,-0.023676138371229172,-0.04208249971270561,-0.017450235784053802,-0.01910228095948696,0.00457385741174221,0.02298021875321865,0.0016520451754331589,0.01840636134147644,0.006225902587175369,0.01840636134147644,-0.0029218122363090515,40,20,0.5
650,H,7,gnnexplainer,0.5,-0.05934511870145798,-0.10450688004493713,-0.06444835662841797,-0.03475097194314003,0.024594146758317947,0.0697559081017971,0.02969738468527794,0.045161761343479156,0.0051032379269599915,0.045161761343479156,0.0051032379269599915,40,20,0.5
650,H,8,gnnexplainer,0.5,-0.03394071012735367,-0.05597234144806862,-0.037645719945430756,-0.04692678898572922,0.01298607885837555,0.009045552462339401,0.009281069040298462,0.02203163132071495,0.0037050098180770874,-0.003940526396036148,-0.0037050098180770874,40,20,0.5
650,H,9,gnnexplainer,0.5,-0.05895303934812546,-0.10105019807815552,-0.07454760372638702,-0.03479496389627457,0.02415807545185089,0.06625523418188095,0.03975263983011246,0.04209715873003006,0.015594564378261566,0.04209715873003006,0.015594564378261566,40,20,0.5
650,H,10,gnnexplainer,0.5,-0.023587524890899658,-0.04793636128306389,-0.034211959689855576,-0.020102281123399734,0.0034852437674999237,0.027834080159664154,0.014109678566455841,0.02434883639216423,0.010624434798955917,0.02434883639216423,0.010624434798955917,40,20,0.5
650,H,11,gnnexplainer,0.5,-0.10841157287359238,-0.10956840217113495,-0.11955801397562027,-0.09524228423833847,0.013169288635253906,0.014326117932796478,0.0243157297372818,0.001156829297542572,0.011146441102027893,0.001156829297542572,0.011146441102027893,40,20,0.5
650,H,12,gnnexplainer,0.5,-0.05435436591506004,-0.04132100194692612,-0.05989162623882294,-0.10497073829174042,0.050616372376680374,0.0636497363448143,0.04507911205291748,0.013033363968133926,0.005537260323762894,0.013033363968133926,-0.005537260323762894,40,20,0.5
650,H,13,gnnexplainer,0.5,-0.06090754270553589,-0.10923074930906296,-0.0798511654138565,-0.03579496219754219,0.025112580507993698,0.07343578711152077,0.044056203216314316,0.04832320660352707,0.018943622708320618,0.04832320660352707,0.018943622708320618,40,20,0.5
650,H,14,gnnexplainer,0.5,-0.03507107496261597,-0.06674587726593018,-0.04555410146713257,-0.04792679101228714,0.012855716049671173,0.018819086253643036,0.0023726895451545715,0.03167480230331421,0.010483026504516602,0.005963370203971863,-0.010483026504516602,40,20,0.5
650,H,15,gnnexplainer,0.5,-0.024672776460647583,-0.041846808046102524,-0.022427372634410858,-0.01910228095948696,0.005570495501160622,0.022744527086615562,0.003325091674923897,0.01717403158545494,0.002245403826236725,0.01717403158545494,-0.002245403826236725,40,20,0.5
650,C,0,gnnexplainer,0.5,-0.6039972305297852,-2.3093929290771484,-0.5935574769973755,-0.7945148944854736,0.19051766395568848,1.5148780345916748,0.20095741748809814,1.7053956985473633,0.010439753532409668,1.3243603706359863,0.010439753532409668,40,20,0.5
650,C,1,gnnexplainer,0.5,-0.9427768588066101,-2.2445712089538574,-1.1471858024597168,-1.2854688167572021,0.34269195795059204,0.9591023921966553,0.13828301429748535,1.3017943501472473,0.2044089436531067,0.6164104342460632,-0.2044089436531067,40,20,0.5
650,C,2,gnnexplainer,0.5,-0.6430948376655579,-2.182461738586426,-0.9712802171707153,-0.7869271636009216,0.14383232593536377,1.3955345749855042,0.1843530535697937,1.539366900920868,0.32818537950515747,1.2517022490501404,0.04052072763442993,40,20,0.5
650,C,3,gnnexplainer,0.5,-0.6416166424751282,-2.1093854904174805,-0.8972018957138062,-0.7869707942008972,0.14535415172576904,1.3224146962165833,0.11023110151290894,1.4677688479423523,0.255585253238678,1.1770605444908142,-0.03512305021286011,40,20,0.5
650,C,4,gnnexplainer,0.5,-0.942050039768219,-2.3191685676574707,-0.8856459856033325,-1.282924771308899,0.34087473154067993,1.0362437963485718,0.3972787857055664,1.3771185278892517,0.056404054164886475,0.6953690648078918,0.056404054164886475,40,20,0.5
650,C,5,gnnexplainer,0.5,-0.60410076379776,-2.2657485008239746,-0.6106102466583252,-0.7939702272415161,0.1898694634437561,1.4717782735824585,0.18335998058319092,1.6616477370262146,0.0065094828605651855,1.2819088101387024,-0.0065094828605651855,40,20,0.5
740,H,1,gnnexplainer,0.5,-0.026137936860322952,-0.060902342200279236,-0.029668666422367096,0.03481113538146019,0.06094907224178314,0.09571347758173943,0.06447980180382729,0.034764405339956284,0.0035307295620441437,0.034764405339956284,0.0035307295620441437,34,17,0.5
740,H,2,gnnexplainer,0.5,-0.04452488198876381,-0.07603850215673447,-0.040282879024744034,-0.0694003626704216,0.02487548068165779,0.006638139486312866,0.029117483645677567,0.03151362016797066,0.004242002964019775,-0.018237341195344925,0.004242002964019775,34,17,0.5
740,H,3,gnnexplainer,0.5,-0.04864649474620819,-0.09978385269641876,-0.050793472677469254,-0.03524171933531761,0.01340477541089058,0.06454213336110115,0.015551753342151642,0.05113735795021057,0.0021469779312610626,0.05113735795021057,0.0021469779312610626,34,17,0.5
740,H,4,gnnexplainer,0.5,-0.044288262724876404,-0.09255474805831909,-0.0349106639623642,-0.06663717329502106,0.022348910570144653,0.025917574763298035,0.03172650933265686,0.04826648533344269,0.009377598762512207,0.0035686641931533813,0.009377598762512207,34,17,0.5
740,H,5,gnnexplainer,0.5,-0.02385552227497101,-0.07050689309835434,-0.01166059821844101,0.03422334045171738,0.058078862726688385,0.10473023355007172,0.045883938670158386,0.04665137082338333,0.012194924056529999,0.04665137082338333,-0.012194924056529999,34,17,0.5
740,H,6,gnnexplainer,0.5,-0.046978406608104706,-0.09266528487205505,-0.03256358951330185,-0.03061004728078842,0.016368359327316284,0.06205523759126663,0.0019535422325134277,0.04568687826395035,0.014414817094802856,0.04568687826395035,-0.014414817094802856,34,17,0.5
740,H,9,gnnexplainer,0.5,-0.04696982726454735,-0.07554149627685547,-0.06386355310678482,-0.11217248439788818,0.06520265713334084,0.036630988121032715,0.04830893129110336,0.02857166901230812,0.016893725842237473,-0.02857166901230812,-0.016893725842237473,34,17,0.5
740,H,10,gnnexplainer,0.5,-0.046655893325805664,-0.09061579406261444,-0.03109750524163246,-0.10799708962440491,0.06134119629859924,0.017381295561790466,0.07689958438277245,0.04395990073680878,0.015558388084173203,-0.04395990073680878,0.015558388084173203,34,17,0.5
740,H,11,gnnexplainer,0.5,-0.03764323145151138,-0.047306571155786514,-0.03211650997400284,0.028855061158537865,0.06649829261004925,0.07616163231432438,0.0609715711325407,0.009663339704275131,0.005526721477508545,0.009663339704275131,-0.005526721477508545,34,17,0.5
740,C,0,gnnexplainer,0.5,0.018430694937705994,-3.4703164100646973,0.0031692832708358765,0.41184088587760925,0.39341019093990326,3.8821572959423065,0.4086716026067734,3.4887471050024033,0.015261411666870117,3.4887471050024033,0.015261411666870117,34,17,0.5
740,C,1,gnnexplainer,0.5,0.007801875472068787,-3.0036041736602783,-0.20748291909694672,0.3751834034919739,0.3673815280199051,3.378787577152252,0.5826663225889206,3.011406049132347,0.2152847945690155,3.011406049132347,0.2152847945690155,34,17,0.5
740,C,2,gnnexplainer,0.5,-0.3508378267288208,-2.904470205307007,-0.4214910864830017,0.5169197916984558,0.8677576184272766,3.4213899970054626,0.9384108781814575,2.553632378578186,0.07065325975418091,2.553632378578186,0.07065325975418091,34,17,0.5
