stage,edge_size,edge_ent,node_feat_size,node_feat_ent,lr,epochs,fidelity_median,fidelity_iqr,abs_delta_median,edges_selected_median,feats_selected_median,runtime_sec,n_nodes_evaluated,n_nodes_requested,n_failures,fidelity_std,seed_runs,selection_sum,nodes_with_variability,mask_var_median,mask_var_iqr,mask_var_std,feature_mask_var_median,edge_mask_var_median,node_seed_runs_min
A,1e-05,0.001,1e-12,1e-12,0.01,150,0.05087205860763788,0.619974747300148,0.040921770967543125,8.0,12.5,78.1451640999876,30.0,30.0,0.0,0.006280946200434662,5,20.5,30,0.0567625525029644,0.03656940159904724,0.029109733035847032,0.0211873324777979,0.0919932345704043,5.0
A,1e-06,0.0001,1e-12,1e-12,0.01,150,0.048938690684735775,0.6636262065730989,0.04233367461711168,8.0,13.0,51.9137735000113,30.0,30.0,0.0,0.003871721697187188,5,21.0,30,0.050632727215224535,0.02928469480463463,0.024342644343125483,0.021031297072324012,0.08666148145366237,5.0
A,1e-05,0.0001,1e-12,1e-12,0.01,150,0.048938690684735775,0.7215781528502703,0.04027684684842825,7.0,12.5,78.49074220005423,30.0,30.0,0.0,0.004303843036304328,5,19.5,30,0.049135856059174206,0.024487422808109123,0.022914477021774744,0.021032308730959362,0.08106012729375828,5.0
A,1e-06,1e-05,1e-12,1e-12,0.01,150,0.0479557728394866,0.6637164251878858,0.040921770967543125,7.0,12.5,51.84959080000408,30.0,30.0,0.0,0.0016143117729187305,5,19.5,30,0.04972637929744245,0.02263940251500271,0.022464912577045356,0.021037571698432372,0.07756477311250076,5.0
A,1e-06,1e-06,1e-12,1e-12,0.01,150,0.0468129888176918,0.74175627483055,0.041306786239147186,7.0,12.5,51.51600869989488,30.0,30.0,0.0,0.002816507737389331,5,19.5,30,0.04913533938877569,0.022569154387582092,0.022413693893008377,0.021038301320118975,0.07599223517303787,5.0
A,0.001,1e-06,1e-12,1e-12,0.01,150,0.0468129888176918,0.6686493344604969,0.040242536924779415,1.5,12.5,46.198125099996105,30.0,30.0,0.0,0.0009636696267581403,5,14.0,30,0.02291816100712745,0.02873638538719971,0.020842097439347756,0.019337666997813027,0.018804707538532608,5.0
A,0.001,1e-05,1e-12,1e-12,0.01,150,0.0468129888176918,0.6686493344604969,0.040242536924779415,1.5,12.5,54.0239872999955,30.0,30.0,0.0,0.0009636696267581403,5,14.0,30,0.02290987687796552,0.028755259348872554,0.02084866019905025,0.019337611361536257,0.018774352607731873,5.0
A,0.001,0.0001,1e-12,1e-12,0.01,150,0.0468129888176918,0.6686493344604969,0.040242536924779415,1.5,12.5,59.302297400077805,30.0,30.0,0.0,0.0009636696267581403,5,14.0,30,0.022809716671000624,0.028910286712485803,0.020954318788723406,0.019337015640686347,0.018471302845074075,5.0
A,0.001,0.001,1e-12,1e-12,0.01,150,0.0468129888176918,0.6690381737425923,0.040242536924779415,1.5,12.5,48.10751440003514,30.0,30.0,0.0,0.0032907243209094124,5,14.0,30,0.021517481247936704,0.03142995678116835,0.022209556535466232,0.01933051557573075,0.021051764799109484,5.0
A,0.001,0.01,1e-12,1e-12,0.01,150,0.046723758801817894,0.7191956513561308,0.03852792922407389,4.0,12.5,63.3131229999708,30.0,30.0,0.0,0.0036685568243422914,5,16.5,30,0.05417063406828261,0.0373263836988702,0.02673009033802621,0.01961755145237242,0.08561649412019008,5.0
A,1e-05,1e-06,1e-12,1e-12,0.01,150,0.04636653698980808,0.7433136403560638,0.03950980491936207,6.0,13.0,51.48976120003499,30.0,30.0,0.0,0.0018058501872676197,5,19.0,30,0.04913501293961556,0.025822911809243232,0.02288648030964192,0.021418717597834702,0.07193793791766984,5.0
A,1e-05,1e-05,1e-12,1e-12,0.01,150,0.04636653698980808,0.7433136403560638,0.03950980491936207,6.0,13.0,76.05983910011128,30.0,30.0,0.0,0.0018058501872676197,5,19.0,30,0.049135048256184116,0.02648103333432974,0.022923730068951684,0.02140626021458874,0.07427956149525108,5.0
A,0.0001,1e-06,1e-12,1e-12,0.01,150,0.04636653698980808,0.6687776413746178,0.03852792922407389,4.0,12.5,45.59057399991434,30.0,30.0,0.0,0.0018058501872676197,5,16.5,30,0.034667370349165345,0.033294278161809396,0.02270859756321492,0.020038798199224814,0.04821847212584494,5.0
A,0.0001,1e-05,1e-12,1e-12,0.01,150,0.04636653698980808,0.6687776413746178,0.03852792922407389,4.0,12.5,45.28682299994398,30.0,30.0,0.0,0.0018058501872676197,5,16.5,30,0.03467128453511462,0.03327916400988208,0.022731206063599387,0.020028968132193334,0.04822637473831373,5.0
A,0.0001,0.0001,1e-12,1e-12,0.01,150,0.04636653698980808,0.6686171130277216,0.03852792922407389,4.5,12.5,44.75097240007017,30.0,30.0,0.0,0.0018058501872676197,5,17.0,30,0.03471041698046731,0.03402022618214047,0.02292694140855108,0.019485100297762056,0.04830541889026106,5.0
A,0.0001,0.001,1e-12,1e-12,0.01,150,0.045775447972118855,0.7490779794752598,0.03849233128130436,5.0,12.5,44.61656260001473,30.0,30.0,0.0,0.0025574241883066172,5,17.5,30,0.056729579343443734,0.04259845002018187,0.02905524794611727,0.021062778480985173,0.09171291724893627,5.0
A,1e-06,0.001,1e-12,1e-12,0.01,150,0.04372336529195309,0.6401066929101944,0.04035971499979496,8.0,12.5,51.822706699953414,30.0,30.0,0.0,0.00673510436094713,5,20.5,30,0.05676618790523774,0.03752506348125631,0.03090140194824352,0.02112820026182182,0.09200066015104999,5.0
A,0.01,0.01,1e-12,1e-12,0.01,150,0.04215160571038723,0.5562543654814363,0.02852923423051834,1.0,12.5,51.434347499976866,30.0,30.0,0.0,0.00781206769937116,5,13.5,30,0.02064505998753112,0.013217740825574588,0.016127638438858435,0.019913200944263923,0.013204314964725792,5.0
A,0.01,1e-06,1e-12,1e-12,0.01,150,0.04204060882329941,0.5365456193685532,0.029824577271938324,1.0,12.0,63.81244659994263,30.0,30.0,0.0,0.0058233485980865585,5,13.0,30,0.02085784176416346,0.012527157484129057,0.015677789036038194,0.019876687993082103,0.015734422360108587,5.0
A,0.01,1e-05,1e-12,1e-12,0.01,150,0.04204060882329941,0.5365456193685532,0.029824577271938324,1.0,12.0,59.989510900108144,30.0,30.0,0.0,0.0058233485980865585,5,13.0,30,0.02085762336206396,0.012527027750279408,0.015678123923787732,0.01987688560379101,0.0157335607150541,5.0
A,0.01,0.0001,1e-12,1e-12,0.01,150,0.04204060882329941,0.5365456193685532,0.029824577271938324,1.0,12.0,60.259088000049815,30.0,30.0,0.0,0.0058233485980865585,5,13.0,30,0.02085551182024497,0.012524664632199308,0.01568050794473714,0.01987898756058728,0.01572510262189948,5.0
A,0.01,0.001,1e-12,1e-12,0.01,150,0.04204060882329941,0.5365456193685532,0.029824577271938324,1.0,12.0,62.152935799909756,30.0,30.0,0.0,0.0058233485980865585,5,13.0,30,0.020835340866364106,0.012493809229511191,0.0158229058590798,0.0198967340770419,0.015641299785136176,5.0
A,1e-06,0.01,1e-12,1e-12,0.01,150,0.041079687885940075,0.6304360595531762,0.036223188042640686,7.0,12.5,52.137097999919206,30.0,30.0,0.0,0.007599227959008751,5,19.5,30,0.06541953501106457,0.048737018800231555,0.029358688006252884,0.02114758025747198,0.11801323278329946,5.0
A,1e-05,0.01,1e-12,1e-12,0.01,150,0.041079687885940075,0.6311356872320175,0.036223188042640686,7.0,12.5,46.70598080009222,30.0,30.0,0.0,0.007599227959008751,5,19.5,30,0.06542481691113206,0.04873947380118174,0.02937270518743054,0.02116311275305715,0.11803611422158788,5.0
A,0.0001,0.01,1e-12,1e-12,0.01,150,0.04042753670364618,0.6325851236470044,0.036223188042640686,6.5,12.0,44.82499100000132,30.0,30.0,0.0,0.0067768584314409725,5,18.5,30,0.062293467765218435,0.0453780406677293,0.029166031273374603,0.021119294191555543,0.1143409091283089,5.0
A,1e-06,0.1,1e-12,1e-12,0.01,150,0.031928351148962975,0.6231998801231384,0.027672773227095604,7.0,12.5,51.507455000071786,30.0,30.0,0.0,0.008924769862579842,5,19.5,30,0.08117022511028892,0.04440930339151382,0.026771460836377516,0.021790913633061793,0.1455334934533326,5.0
A,1e-05,0.1,1e-12,1e-12,0.01,150,0.031928351148962975,0.6231998801231384,0.027672773227095604,7.0,12.5,45.16523619997315,30.0,30.0,0.0,0.008924769862579842,5,19.5,30,0.0811584674639939,0.045306847601027815,0.026903048707656425,0.021790943694486538,0.1455302869592519,5.0
A,0.0001,0.1,1e-12,1e-12,0.01,150,0.031928351148962975,0.6231998801231384,0.027672773227095604,7.0,12.5,44.79766749998089,30.0,30.0,0.0,0.008899720900114176,5,19.5,30,0.0810699603889217,0.045756759095685495,0.026990159337356427,0.021962959031847605,0.1453293308901396,5.0
A,0.001,0.1,1e-12,1e-12,0.01,150,0.031928351148962975,0.6254964601248503,0.027672773227095604,6.0,12.5,63.30464829993434,30.0,30.0,0.0,0.009161026707885822,5,18.5,30,0.07748282534542823,0.03589405090410872,0.025775461526363407,0.021958817667062445,0.13539209061951446,5.0
A,0.1,1e-06,1e-12,1e-12,0.01,150,0.030168583616614342,0.741843955591321,0.02407793328166008,1.0,12.5,53.672936099930666,30.0,30.0,0.0,0.007365632497704541,5,13.5,30,0.01850746250494361,0.010814844146399626,0.012648999610435684,0.018777649406820036,0.014487106435927566,5.0
A,0.1,1e-05,1e-12,1e-12,0.01,150,0.030168583616614342,0.741843955591321,0.02407793328166008,1.0,12.5,69.5280351000838,30.0,30.0,0.0,0.007365632497704541,5,13.5,30,0.0185075199799326,0.010814756923942822,0.012649039640976613,0.018777647064487105,0.014486874662558212,5.0
A,0.1,0.0001,1e-12,1e-12,0.01,150,0.030168583616614342,0.741843955591321,0.02407793328166008,1.0,12.5,51.29556510003749,30.0,30.0,0.0,0.007365632497704541,5,13.5,30,0.018508073743054423,0.010813905625565856,0.012649338484658247,0.01877771273204571,0.014484510597478432,5.0
A,0.1,0.001,1e-12,1e-12,0.01,150,0.030168583616614342,0.741843955591321,0.02407793328166008,1.0,12.5,51.39982509997208,30.0,30.0,0.0,0.007365632497704541,5,13.5,30,0.018513387808856613,0.010805515941427105,0.012689946192996033,0.018779013060702877,0.014460914749847004,5.0
A,0.1,0.01,1e-12,1e-12,0.01,150,0.030168583616614342,0.741843955591321,0.023862825706601143,1.0,12.5,51.38523660006467,30.0,30.0,0.0,0.007365632497704541,5,13.5,30,0.018540810194476825,0.010717902925831588,0.012461766781876804,0.018793746169921723,0.014227340299287907,5.0
A,0.1,0.1,1e-12,1e-12,0.01,150,0.030168583616614342,0.7887484794482589,0.023862825706601143,1.0,12.5,51.24430429993663,30.0,30.0,0.0,0.006336665743389488,5,13.5,30,0.017193900506511574,0.009764367062984995,0.013844711148286684,0.019612849675646894,0.012452445626699093,5.0
A,1e-06,1.0,1e-12,1e-12,0.01,150,0.03010370582342148,0.6344896047376096,0.02472858689725399,7.0,12.5,51.349920699954964,30.0,30.0,0.0,0.007213610049321005,5,19.5,30,0.0826557264022343,0.03521825556550312,0.024136550727977706,0.021960436758076116,0.1437046602413013,5.0
A,1e-05,1.0,1e-12,1e-12,0.01,150,0.03010370582342148,0.6344896047376096,0.02472858689725399,7.0,12.5,45.292863599956036,30.0,30.0,0.0,0.007213610049321005,5,19.5,30,0.08265584528578804,0.035218458413711504,0.024136657968504914,0.02196041426299716,0.1437046592238377,5.0
A,0.0001,1.0,1e-12,1e-12,0.01,150,0.03010370582342148,0.6344896047376096,0.02472858689725399,7.0,12.5,52.923881199909374,30.0,30.0,0.0,0.007213610049321005,5,19.5,30,0.08265694811232513,0.03521997824333174,0.024137577388203837,0.021960240355474017,0.1437018453940892,5.0
A,0.001,1.0,1e-12,1e-12,0.01,150,0.03010370582342148,0.650310839060694,0.02472858689725399,7.0,12.5,63.597005299991,30.0,30.0,0.0,0.007213610049321005,5,19.5,30,0.08266700370856604,0.03524377493630443,0.024087643951346962,0.02195879145224938,0.14370107088165066,5.0
A,0.01,1.0,1e-12,1e-12,0.01,150,0.03010370582342148,0.6542284884490073,0.02472858689725399,6.0,12.5,55.46080390003044,30.0,30.0,0.0,0.007213610049321005,5,18.5,30,0.0802532037538286,0.02647929189608074,0.02210167391337006,0.021954990497101506,0.14405428791225325,5.0
A,0.01,0.1,1e-12,1e-12,0.01,150,0.029562216252088547,0.834065601695329,0.02911171317100525,3.0,13.0,51.722524799988605,30.0,30.0,0.0,0.008312364337702296,5,16.0,30,0.05292988190017083,0.027360542739049767,0.02257536936383559,0.02165447490672086,0.09271429678883111,5.0
A,0.1,1.0,1e-12,1e-12,0.01,150,0.029562216252088547,0.8184633110649884,0.023862825706601143,3.0,13.0,51.47373309999239,30.0,30.0,0.0,0.005022126839601963,5,16.0,30,0.05639992600342243,0.025918055838317848,0.020034303418382225,0.023572846501330118,0.09355321056315832,5.0
B,1e-12,1e-12,0.01,0.1,0.01,150,0.053816487081348896,0.6864068214781582,0.046340906992554665,7.0,9.5,45.48572039999999,30.0,30.0,0.0,0.003218444731352943,5,16.5,30,0.051597940832409164,0.034881307543379515,0.024790654339850178,0.02892098351897224,0.07017435225852922,5.0
B,1e-12,1e-12,0.1,1e-06,0.01,150,0.052704401314258575,0.8338724640198052,0.041956194676458836,8.5,1.0,45.56324940000195,30.0,30.0,0.0,0.003504202103641368,5,9.5,30,0.049138798213149204,0.033027471059895494,0.02612580174448095,0.005232819093285871,0.08715727424448305,5.0
B,1e-12,1e-12,0.1,1e-05,0.01,150,0.052704401314258575,0.8338724640198052,0.041956194676458836,8.5,1.0,45.06760369997937,30.0,30.0,0.0,0.003504202103641368,5,9.5,30,0.04913879547746988,0.03303069085973004,0.02612598427576942,0.005232556509005243,0.08715724422603788,5.0
B,1e-12,1e-12,0.1,0.0001,0.01,150,0.052704401314258575,0.8338724640198052,0.041956194676458836,8.5,1.0,44.990849799942225,30.0,30.0,0.0,0.003197576798777403,5,9.5,30,0.049138823095043846,0.033038708816601106,0.02613689126818173,0.005229941847494455,0.08715697876582296,5.0
B,1e-12,1e-12,0.1,0.001,0.01,150,0.052704401314258575,0.8338724640198052,0.041956194676458836,8.5,1.0,45.00584340002388,30.0,30.0,0.0,0.0030127390844612283,5,9.5,30,0.049138395885382144,0.033117708733867414,0.026134432418377217,0.0052037659092749045,0.08715357751424929,5.0
B,1e-12,1e-12,0.1,0.01,0.01,150,0.05260023847222328,0.8338724640198052,0.041956194676458836,8.5,1.0,45.05329949990846,30.0,30.0,0.0,0.0036958816870639034,5,9.5,30,0.049129806162019486,0.03413131463406202,0.027197976184186682,0.004792294456829457,0.08711917913638148,5.0
B,1e-12,1e-12,0.1,0.1,0.01,150,0.05258825048804283,0.8357246648520231,0.042016676627099514,8.5,1.0,45.1630500999745,30.0,30.0,0.0,0.0023646278614264378,5,9.5,30,0.05119047543789427,0.028869764802643097,0.026341642576176945,0.005171277537065591,0.08685593476168033,5.0
B,1e-12,1e-12,0.001,0.01,0.01,150,0.05252584349364042,0.664649922400713,0.04503786377608776,7.0,11.0,45.21979659993667,30.0,30.0,0.0,0.002624141382078918,5,18.0,30,0.048795428708585456,0.02747833985925536,0.02300047720583837,0.022536731736722874,0.06651501414934552,5.0
B,1e-12,1e-12,1e-06,0.01,0.01,150,0.052493090741336346,0.6427819337695837,0.0450341897085309,7.0,12.0,44.82956780004315,30.0,30.0,0.0,0.002222119548236405,5,19.0,30,0.044947553245693994,0.027160967436062715,0.022861103087530463,0.021721125214246496,0.06651122624459138,5.0
B,1e-12,1e-12,1e-05,0.01,0.01,150,0.052493090741336346,0.6427819337695837,0.0450341897085309,7.0,12.0,44.98417040007189,30.0,30.0,0.0,0.002222119548236405,5,19.0,30,0.044932195231569716,0.027160646983245745,0.022806725029724088,0.02172221487867798,0.06651116749467478,5.0
B,1e-12,1e-12,0.0001,0.01,0.01,150,0.052493090741336346,0.6588923092931509,0.0462624030187726,6.5,12.0,45.08291489991825,30.0,30.0,0.0,0.003307013543683134,5,18.5,30,0.044584305750570756,0.027074805520279105,0.022910103103070907,0.022012990985190203,0.06651182862032129,5.0
B,1e-12,1e-12,0.01,0.01,0.01,150,0.04923573136329651,0.7802701606415212,0.04213600978255272,8.0,7.0,45.04176569997799,30.0,30.0,0.0,0.0019240682210716438,5,15.0,30,0.048133302329562595,0.055373016395374,0.028112503493490013,0.00907239312488047,0.07148984126462504,5.0
B,1e-12,1e-12,0.01,1e-06,0.01,150,0.049231456592679024,0.7798492042347789,0.041892276145517826,8.5,6.0,44.936472499975935,30.0,30.0,0.0,0.0011644113508275946,5,14.5,30,0.048261317100841444,0.029665650527492073,0.026108231060668542,0.004513740835332306,0.07838019423988306,5.0
B,1e-12,1e-12,0.01,1e-05,0.01,150,0.049231456592679024,0.7798492042347789,0.041892276145517826,8.5,6.0,46.8228320000926,30.0,30.0,0.0,0.0011644113508275946,5,14.5,30,0.04827093269114805,0.029665563774113626,0.02610864336872411,0.004512883002638842,0.07837910483141511,5.0
B,1e-12,1e-12,0.01,0.0001,0.01,150,0.049231456592679024,0.7798492042347789,0.041892276145517826,8.5,6.0,46.5457700000843,30.0,30.0,0.0,0.0011644113508275946,5,14.5,30,0.04827638384058475,0.029645018705494262,0.02605552230332962,0.004474400695318317,0.07838007387746296,5.0
B,1e-12,1e-12,0.01,0.001,0.01,150,0.049231456592679024,0.7803736571222544,0.041892276145517826,8.5,6.0,45.09617829998024,30.0,30.0,0.0,0.0012014347803224834,5,14.5,30,0.048325637561192,0.029659618432099234,0.0260658457037011,0.004350982585609902,0.07838921084884393,5.0
B,1e-12,1e-12,0.0001,0.001,0.01,150,0.049005127511918545,0.6617521145381033,0.041363729164004326,7.5,12.0,45.1647774000885,30.0,30.0,0.0,0.0024443170480257514,5,19.5,30,0.04980962321109277,0.023575323074503593,0.021980294273742807,0.022137172293385528,0.07885824716212825,5.0
B,1e-12,1e-12,1e-06,0.1,0.01,150,0.0489168344065547,0.5767599884420633,0.04557556286454201,7.0,12.0,44.71920259995386,30.0,30.0,0.0,0.00411909349799243,5,19.0,30,0.05144715954702336,0.031642423406538174,0.024167695614411493,0.03788628843343157,0.06473726165578712,5.0
B,1e-12,1e-12,1e-05,0.1,0.01,150,0.0489168344065547,0.5767599884420633,0.04557556286454201,7.0,12.0,44.85866519995034,30.0,30.0,0.0,0.00411909349799243,5,19.0,30,0.051447117951066546,0.03164088813765077,0.02416929532662481,0.0378863706326297,0.06473944661909234,5.0
B,1e-12,1e-12,0.0001,0.1,0.01,150,0.0489168344065547,0.5767599884420633,0.04581253603100777,7.0,12.0,45.19374410004821,30.0,30.0,0.0,0.00411909349799243,5,19.0,30,0.0514335278495425,0.030966662332595568,0.02412251217329228,0.03788819845049214,0.06429080446006254,5.0
B,1e-12,1e-12,0.001,1e-06,0.01,150,0.04868760146200657,0.6587928254157305,0.04124518483877182,8.5,10.0,45.03753090009559,30.0,30.0,0.0,0.0029082244965258994,5,18.5,30,0.04913438613069976,0.02794545477987586,0.02461509423326725,0.011392971024140556,0.0846660448838982,5.0
B,1e-12,1e-12,0.001,1e-05,0.01,150,0.04868760146200657,0.6587928254157305,0.04124518483877182,8.5,10.0,45.15812000003643,30.0,30.0,0.0,0.0029082244965258994,5,18.5,30,0.04913439492387646,0.027945323384243492,0.02461377333832404,0.011395433083759243,0.0846924289468243,5.0
B,1e-12,1e-12,0.001,0.1,0.01,150,0.04851933661848307,0.5767599884420633,0.04521096870303154,7.0,12.0,45.09735890000593,30.0,30.0,0.0,0.004197314774477018,5,19.0,30,0.04971071991453964,0.029208604720521142,0.02320078692134832,0.032052940426592985,0.06496304029709793,5.0
B,1e-12,1e-12,1.0,1e-06,0.01,150,0.04849093500524759,0.8369607040658593,0.040864729322493076,8.0,1.0,45.00953979999758,30.0,30.0,0.0,0.002537035697554495,5,9.0,30,0.04714944116552291,0.05105172809398975,0.029465210897692,0.004945440994119482,0.08774727232665297,5.0
B,1e-12,1e-12,1.0,1e-05,0.01,150,0.04849093500524759,0.8369607040658593,0.040864729322493076,8.0,1.0,45.330842999974266,30.0,30.0,0.0,0.002537035697554495,5,9.0,30,0.04714944713020763,0.051051735592959537,0.02946521011393974,0.004945415763927699,0.08774728581089031,5.0
B,1e-12,1e-12,1.0,0.0001,0.01,150,0.04849093500524759,0.8369607040658593,0.040864729322493076,8.0,1.0,45.664242800092325,30.0,30.0,0.0,0.002537035697554495,5,9.0,30,0.0471495145901111,0.05105119688656773,0.029465011720321406,0.004945165469726471,0.0877474557137389,5.0
B,1e-12,1e-12,1.0,0.001,0.01,150,0.04849093500524759,0.8369607040658593,0.040864729322493076,8.0,1.0,45.647774500073865,30.0,30.0,0.0,0.002537035697554495,5,9.0,30,0.04715137457878617,0.051052554724099114,0.029462301093151108,0.004942652572351236,0.08775114740695339,5.0
B,1e-12,1e-12,1.0,0.01,0.01,150,0.04849093500524759,0.8369607040658593,0.040864729322493076,8.0,1.0,45.13466280000284,30.0,30.0,0.0,0.002537035697554495,5,9.0,30,0.04716874372321955,0.05106160277518799,0.029461414614219736,0.004917775472914238,0.08778819638689644,5.0
B,1e-12,1e-12,1.0,0.1,0.01,150,0.0483150752261281,0.8353588292375207,0.040864729322493076,8.0,1.0,45.055044499924406,30.0,30.0,0.0,0.002552000908263149,5,9.0,30,0.04724627008018155,0.05117077508429764,0.029483945714118515,0.004696738930519991,0.088055397882074,5.0
B,1e-12,1e-12,0.001,0.001,0.01,150,0.048146529123187065,0.6587928254157305,0.04002575762569904,8.0,10.0,45.409791499958374,30.0,30.0,0.0,0.0019554620950127787,5,18.0,30,0.04913438279749156,0.027780159558588303,0.023863341541156418,0.013622063799075712,0.08664496826266141,5.0
B,1e-12,1e-12,0.001,0.0001,0.01,150,0.04814518801867962,0.6587928254157305,0.04124518483877182,8.5,10.0,45.13935409998521,30.0,30.0,0.0,0.0028866565344919932,5,18.5,30,0.049134374205020606,0.0279436724011738,0.02459228302420551,0.011419257053325665,0.08494578614324504,5.0
B,1e-12,1e-12,1e-06,1e-06,0.01,150,0.0479557728394866,0.6628975886851549,0.040921770967543125,8.0,12.5,45.24782759998925,30.0,30.0,0.0,0.0016143117729187305,5,20.5,30,0.05001268600675015,0.022418795941255426,0.022427916097082567,0.02147919981497772,0.07676638821613166,5.0
B,1e-12,1e-12,1e-06,1e-05,0.01,150,0.0479557728394866,0.66215845849365,0.040921770967543125,8.0,12.5,45.05566569999792,30.0,30.0,0.0,0.0016143117729187305,5,20.5,30,0.049529873089313455,0.022720298383605876,0.022431341537788873,0.02104156418811791,0.0766396465876685,5.0
B,1e-12,1e-12,1e-06,0.0001,0.01,150,0.0479557728394866,0.6621045251376927,0.040921770967543125,8.0,12.5,45.191088999970816,30.0,30.0,0.0,0.0015927106294210116,5,20.5,30,0.05049883358154311,0.02355876438978661,0.022355134735558325,0.021850373598463722,0.07659472794202705,5.0
B,1e-12,1e-12,1e-06,0.001,0.01,150,0.0479557728394866,0.6646696464158595,0.040921770967543125,7.5,12.0,45.45399909990374,30.0,30.0,0.0,0.0014341303462865984,5,19.5,30,0.04913209202977398,0.026363748596388924,0.022165930846477982,0.019800376966084533,0.07513180510272306,5.0
B,1e-12,1e-12,1e-05,1e-05,0.01,150,0.0479557728394866,0.6628975886851549,0.040921770967543125,8.0,12.0,44.73673820006661,30.0,30.0,0.0,0.0016363651820752465,5,20.0,30,0.049135344547061754,0.022377462914540562,0.022322598066158956,0.02015593748544238,0.07687731911906874,5.0
B,1e-12,1e-12,1e-05,0.0001,0.01,150,0.0479557728394866,0.66215845849365,0.040921770967543125,8.0,12.5,45.22233909997158,30.0,30.0,0.0,0.0016061728236200345,5,20.5,30,0.04984439205995789,0.022851265701646938,0.022183419082741223,0.02106023013822221,0.07704978506130811,5.0
B,1e-12,1e-12,1e-05,0.001,0.01,150,0.0479557728394866,0.6636113687418401,0.040921770967543125,7.5,12.0,44.95118669990916,30.0,30.0,0.0,0.0014341303462865984,5,19.5,30,0.04913208952577086,0.026894022754753652,0.02220316422603763,0.019524615863740206,0.07496868180808686,5.0
B,1e-12,1e-12,0.0001,0.0001,0.01,150,0.0479557728394866,0.6608232050202787,0.040921770967543125,8.0,12.0,45.5594147000229,30.0,30.0,0.0,0.0016270806923181975,5,20.0,30,0.0491352043658558,0.021070353395552598,0.022187499006440237,0.01856757506760808,0.07916227742290247,5.0
B,1e-12,1e-12,1e-05,1e-06,0.01,150,0.046687349677085876,0.6628975886851549,0.04027684684842825,8.0,12.0,44.73353190009948,30.0,30.0,0.0,0.0011459319189418328,5,20.0,30,0.0491353467780313,0.022362930936775008,0.02236793828659333,0.020724262344999564,0.07697207839686904,5.0
B,1e-12,1e-12,0.0001,1e-06,0.01,150,0.046687349677085876,0.6595261720940471,0.04034328367561102,8.0,12.0,45.320799299981445,30.0,30.0,0.0,0.0011668502106461046,5,20.0,30,0.048743223120123885,0.02228935915215599,0.022207513458238504,0.016851140893216113,0.07892826334794019,5.0
B,1e-12,1e-12,0.0001,1e-05,0.01,150,0.046687349677085876,0.6595261720940471,0.04034328367561102,8.0,12.0,45.59202640003059,30.0,30.0,0.0,0.0011668502106461046,5,20.0,30,0.048743324647635186,0.02229031462914796,0.022203149201953428,0.016867400499990703,0.07895289695164182,5.0
C,0.1,0.1,1e-06,0.01,0.01,150,0.030248817056417465,0.7418834082782269,0.023328129202127457,1.0,12.5,46.3441592999734,30.0,30.0,0.0,0.008115952131165394,5,13.5,30,0.02034382370515241,0.012068170666131925,0.013874952328279342,0.023153664626782935,0.01245153767993093,5.0
C,0.1,0.1,1e-05,0.01,0.01,150,0.030248817056417465,0.7418834082782269,0.023328129202127457,1.0,12.5,46.58450409991201,30.0,30.0,0.0,0.008115952131165394,5,13.5,30,0.020344902683771322,0.012066744658490457,0.0138699664877582,0.023153335328796758,0.01245159372477775,5.0
C,0.1,0.1,0.0001,0.01,0.01,150,0.030248817056417465,0.7418834082782269,0.023328129202127457,1.0,12.5,46.529777899966575,30.0,30.0,0.0,0.008115952131165394,5,13.5,30,0.02129220061208425,0.012884168829900181,0.013962183008829674,0.023484281455879216,0.01245153534918464,5.0
C,0.1,1e-06,1e-06,0.01,0.01,150,0.029342250898480415,0.7049671187996864,0.023328129202127457,1.0,12.5,40.963672999991104,30.0,30.0,0.0,0.008098080214368598,5,13.5,30,0.020921840351305065,0.014612654578560917,0.01309365600419137,0.021385101256974993,0.014485498057849641,5.0
C,0.1,1e-06,1e-05,0.01,0.01,150,0.029342250898480415,0.7049671187996864,0.023328129202127457,1.0,12.5,46.17388289992232,30.0,30.0,0.0,0.008098080214368598,5,13.5,30,0.020923408559620642,0.014607852129611378,0.013092318951786978,0.021386115497355307,0.014485483918131176,5.0
C,0.1,1e-06,0.0001,0.01,0.01,150,0.029342250898480415,0.7049671187996864,0.023328129202127457,1.0,12.5,45.725893900031224,30.0,30.0,0.0,0.008098080214368598,5,13.5,30,0.021095178454950805,0.015225602429365222,0.01310019602076747,0.023512936913097637,0.014485465674545962,5.0
C,0.1,1e-05,1e-06,0.01,0.01,150,0.029342250898480415,0.7049671187996864,0.023328129202127457,1.0,12.5,40.34871549997479,30.0,30.0,0.0,0.008098080214368598,5,13.5,30,0.02092168091377311,0.01461266114608507,0.013093600428343738,0.021385106734982923,0.014485257530006814,5.0
C,0.1,1e-05,1e-05,0.01,0.01,150,0.029342250898480415,0.7049671187996864,0.023328129202127457,1.0,12.5,40.25678489997517,30.0,30.0,0.0,0.008098080214368598,5,13.5,30,0.02092324869676218,0.014607858828141723,0.01309233591549709,0.021386121280653342,0.014485245933138411,5.0
C,0.1,1e-05,0.0001,0.01,0.01,150,0.029342250898480415,0.7049671187996864,0.023328129202127457,1.0,12.5,40.41099910007324,30.0,30.0,0.0,0.008098080214368598,5,13.5,30,0.02109507397531445,0.015225523546687797,0.013100210434070609,0.023512934661397686,0.014485229656696607,5.0
FINAL,0.1,0.1,1e-12,1e-12,0.01,250,0.0389226907864213,0.9930262472480536,0.031220770440995693,1.0,12.0,374.3593037999235,150.0,150.0,0.0,0.0023265863327057365,5,13.0,150,0.012222246406775253,0.01809805347013285,0.01767929956379988,0.015806132085421865,0.002846832158401342,5.0
