stage,edge_size,edge_ent,node_feat_size,node_feat_ent,lr,epochs,seed,fidelity_median,fidelity_iqr,abs_delta_median,edges_selected_median,feats_selected_median,runtime_sec,n_nodes_evaluated,n_nodes_requested,n_failures,error_top_reason,error_top_count,error_first_message,fallback_model_target_count
A,1e-06,1e-06,1e-12,1e-12,0.01,150,0,0.045775447972118855,0.7696596710011363,0.03852792922407389,7.5,12.5,71.96890849992633,30,30,0,,0,,0
A,1e-06,1e-06,1e-12,1e-12,0.01,150,1,0.05348994396626949,0.8116297172382474,0.0443090470507741,7.0,12.5,55.04939970001578,30,30,0,,0,,0
A,1e-06,1e-06,1e-12,1e-12,0.01,150,2,0.04636653698980808,0.74175627483055,0.041306786239147186,7.0,12.5,51.34114170004614,30,30,0,,0,,0
A,1e-06,1e-06,1e-12,1e-12,0.01,150,3,0.048938690684735775,0.6637164251878858,0.04027684684842825,7.0,13.0,51.51600869989488,30,30,0,,0,,0
A,1e-06,1e-06,1e-12,1e-12,0.01,150,4,0.0468129888176918,0.6397083178162575,0.0468129888176918,7.5,12.5,51.2268030999694,30,30,0,,0,,0
A,1e-06,1e-05,1e-12,1e-12,0.01,150,0,0.05087205860763788,0.6071900790557265,0.040921770967543125,7.5,12.5,51.24595289991703,30,30,0,,0,,0
A,1e-06,1e-05,1e-12,1e-12,0.01,150,1,0.0479557728394866,0.8116297172382474,0.03818805329501629,7.0,12.5,51.84959080000408,30,30,0,,0,,0
A,1e-06,1e-05,1e-12,1e-12,0.01,150,2,0.04636653698980808,0.7416347358375788,0.041306786239147186,7.0,12.5,52.22468550002668,30,30,0,,0,,0
A,1e-06,1e-05,1e-12,1e-12,0.01,150,3,0.048938690684735775,0.6637164251878858,0.04027684684842825,7.0,13.0,51.11380559997633,30,30,0,,0,,0
A,1e-06,1e-05,1e-12,1e-12,0.01,150,4,0.0468129888176918,0.6397083178162575,0.0468129888176918,7.5,12.5,52.07488440000452,30,30,0,,0,,0
A,1e-06,0.0001,1e-12,1e-12,0.01,150,0,0.05087205860763788,0.6079556955955923,0.04233367461711168,8.0,12.5,52.102824500063434,30,30,0,,0,,0
A,1e-06,0.0001,1e-12,1e-12,0.01,150,1,0.05348994396626949,0.7218006448820233,0.044522915966808796,7.5,13.0,51.953442799975164,30,30,0,,0,,0
A,1e-06,0.0001,1e-12,1e-12,0.01,150,2,0.04206516407430172,0.7418516068719327,0.03700541332364082,7.5,12.5,51.77510650001932,30,30,0,,0,,0
A,1e-06,0.0001,1e-12,1e-12,0.01,150,3,0.048938690684735775,0.6636262065730989,0.04027684684842825,8.0,13.0,51.9137735000113,30,30,0,,0,,0
A,1e-06,0.0001,1e-12,1e-12,0.01,150,4,0.0468129888176918,0.6057539596222341,0.0468129888176918,8.0,13.0,51.453644299996085,30,30,0,,0,,0
A,1e-06,0.001,1e-12,1e-12,0.01,150,0,0.05087205860763788,0.6079602628014982,0.040921770967543125,8.0,12.5,51.828875400009565,30,30,0,,0,,0
A,1e-06,0.001,1e-12,1e-12,0.01,150,1,0.05348994396626949,0.7742576403543353,0.0443090470507741,7.5,12.5,51.485272200079635,30,30,0,,0,,0
A,1e-06,0.001,1e-12,1e-12,0.01,150,2,0.03700541332364082,0.5234275832772255,0.03700541332364082,7.0,12.0,51.83870259998366,30,30,0,,0,,0
A,1e-06,0.001,1e-12,1e-12,0.01,150,3,0.03752742987126112,0.8280657678842545,0.028865586034953594,8.0,13.0,51.822706699953414,30,30,0,,0,,0
A,1e-06,0.001,1e-12,1e-12,0.01,150,4,0.04372336529195309,0.6401066929101944,0.04035971499979496,8.0,12.0,51.21472899999935,30,30,0,,0,,0
A,1e-06,0.01,1e-12,1e-12,0.01,150,0,0.041079687885940075,0.5695716589689255,0.03787918481975794,7.0,12.5,52.1509055000497,30,30,0,,0,,0
A,1e-06,0.01,1e-12,1e-12,0.01,150,1,0.0479557728394866,0.742920202203095,0.039966643787920475,7.0,12.5,52.05284000001848,30,30,0,,0,,0
A,1e-06,0.01,1e-12,1e-12,0.01,150,2,0.041270941495895386,0.6000841706991196,0.03589385747909546,7.0,12.0,52.137097999919206,30,30,0,,0,,0
A,1e-06,0.01,1e-12,1e-12,0.01,150,3,0.024887352250516415,0.8572798343375325,0.02206693682819605,7.0,13.0,51.910825000028126,30,30,0,,0,,0
A,1e-06,0.01,1e-12,1e-12,0.01,150,4,0.039045585319399834,0.6304360595531762,0.036223188042640686,8.0,12.0,52.60025079990737,30,30,0,,0,,0
A,1e-06,0.1,1e-12,1e-12,0.01,150,0,0.0300394706428051,0.6230279593728483,0.024914709851145744,6.5,12.5,51.81983339996077,30,30,0,,0,,0
A,1e-06,0.1,1e-12,1e-12,0.01,150,1,0.031928351148962975,0.6956972414627671,0.027672773227095604,6.0,12.5,52.01897039997857,30,30,0,,0,,0
A,1e-06,0.1,1e-12,1e-12,0.01,150,2,0.041270941495895386,0.6231998801231384,0.03590929135680199,7.0,12.0,51.277454099967144,30,30,0,,0,,0
A,1e-06,0.1,1e-12,1e-12,0.01,150,3,0.021287813782691956,0.6834960021078587,0.017798452638089657,7.0,13.0,51.507455000071786,30,30,0,,0,,0
A,1e-06,0.1,1e-12,1e-12,0.01,150,4,0.0468129888176918,0.4387774937786162,0.0468129888176918,7.0,12.0,51.38691700005438,30,30,0,,0,,0
A,1e-06,1.0,1e-12,1e-12,0.01,150,0,0.02976904809474945,0.6344896047376096,0.02472858689725399,6.5,12.5,51.36362669989467,30,30,0,,0,,0
A,1e-06,1.0,1e-12,1e-12,0.01,150,1,0.03010370582342148,0.6494051897898316,0.023968705907464027,6.0,13.0,51.103173900046386,30,30,0,,0,,0
A,1e-06,1.0,1e-12,1e-12,0.01,150,2,0.03733360394835472,0.5976166315376759,0.037320856004953384,7.0,12.5,51.42960839997977,30,30,0,,0,,0
A,1e-06,1.0,1e-12,1e-12,0.01,150,3,0.02629006188362837,0.7908994825556874,0.023469646461308002,7.0,13.0,51.08100520004518,30,30,0,,0,,0
A,1e-06,1.0,1e-12,1e-12,0.01,150,4,0.046511704102158546,0.49283321434631944,0.046511704102158546,7.0,12.0,51.349920699954964,30,30,0,,0,,0
A,1e-05,1e-06,1e-12,1e-12,0.01,150,0,0.045775447972118855,0.7705090674571693,0.03852792922407389,6.0,13.0,51.60865930002183,30,30,0,,0,,0
A,1e-05,1e-06,1e-12,1e-12,0.01,150,1,0.0479557728394866,0.8109407788142562,0.03818805329501629,6.0,12.5,51.48976120003499,30,30,0,,0,,0
A,1e-05,1e-06,1e-12,1e-12,0.01,150,2,0.04636653698980808,0.7433136403560638,0.041306786239147186,6.0,12.5,51.122901200084016,30,30,0,,0,,0
A,1e-05,1e-06,1e-12,1e-12,0.01,150,3,0.048938690684735775,0.6546657280996442,0.04027684684842825,6.5,13.0,51.41256359999534,30,30,0,,0,,0
A,1e-05,1e-06,1e-12,1e-12,0.01,150,4,0.04372336529195309,0.6329181208275259,0.03950980491936207,6.0,13.0,51.61789450002834,30,30,0,,0,,0
A,1e-05,1e-05,1e-12,1e-12,0.01,150,0,0.045775447972118855,0.7695779046043754,0.03852792922407389,6.0,13.0,51.197147300001234,30,30,0,,0,,0
A,1e-05,1e-05,1e-12,1e-12,0.01,150,1,0.0479557728394866,0.8109407788142562,0.03818805329501629,6.0,12.5,51.40133360004984,30,30,0,,0,,0
A,1e-05,1e-05,1e-12,1e-12,0.01,150,2,0.04636653698980808,0.7433136403560638,0.041306786239147186,6.0,12.5,76.05983910011128,30,30,0,,0,,0
A,1e-05,1e-05,1e-12,1e-12,0.01,150,3,0.048938690684735775,0.6546657280996442,0.04027684684842825,6.5,13.0,78.43982950004283,30,30,0,,0,,0
A,1e-05,1e-05,1e-12,1e-12,0.01,150,4,0.04372336529195309,0.6329181208275259,0.03950980491936207,6.0,13.0,78.68212709994987,30,30,0,,0,,0
A,1e-05,0.0001,1e-12,1e-12,0.01,150,0,0.05087205860763788,0.7703337171114981,0.040921770967543125,7.0,13.0,78.64994349994231,30,30,0,,0,,0
A,1e-05,0.0001,1e-12,1e-12,0.01,150,1,0.05348994396626949,0.7215781528502703,0.04424018878489733,6.0,12.5,78.14960120001342,30,30,0,,0,,0
A,1e-05,0.0001,1e-12,1e-12,0.01,150,2,0.04206516407430172,0.7418212303891778,0.03700541332364082,6.0,12.5,78.08043219998945,30,30,0,,0,,0
A,1e-05,0.0001,1e-12,1e-12,0.01,150,3,0.048938690684735775,0.6540546887554228,0.04027684684842825,7.0,13.0,78.65564540005289,30,30,0,,0,,0
A,1e-05,0.0001,1e-12,1e-12,0.01,150,4,0.04372336529195309,0.6325750523246825,0.03950980491936207,7.0,12.5,78.49074220005423,30,30,0,,0,,0
A,1e-05,0.001,1e-12,1e-12,0.01,150,0,0.05087205860763788,0.608219925314188,0.040921770967543125,8.0,12.5,78.1164104999043,30,30,0,,0,,0
A,1e-05,0.001,1e-12,1e-12,0.01,150,1,0.05348994396626949,0.7739583868533373,0.0443090470507741,7.0,12.5,78.98098879994359,30,30,0,,0,,0
A,1e-05,0.001,1e-12,1e-12,0.01,150,2,0.03700541332364082,0.5236617997288704,0.03700541332364082,7.0,12.0,78.1451640999876,30,30,0,,0,,0
A,1e-05,0.001,1e-12,1e-12,0.01,150,3,0.05256028287112713,0.8280657678842545,0.0438984390348196,8.0,13.0,78.20905990002211,30,30,0,,0,,0
A,1e-05,0.001,1e-12,1e-12,0.01,150,4,0.04372336529195309,0.619974747300148,0.03849233128130436,8.0,12.0,61.625362700084224,30,30,0,,0,,0
A,1e-05,0.01,1e-12,1e-12,0.01,150,0,0.041079687885940075,0.5695716589689255,0.03787918481975794,7.0,12.5,48.234551499946974,30,30,0,,0,,0
A,1e-05,0.01,1e-12,1e-12,0.01,150,1,0.0479557728394866,0.742920202203095,0.039966643787920475,7.0,12.5,48.502036300022155,30,30,0,,0,,0
A,1e-05,0.01,1e-12,1e-12,0.01,150,2,0.041270941495895386,0.6000841706991196,0.03589385747909546,7.0,12.0,46.70598080009222,30,30,0,,0,,0
A,1e-05,0.01,1e-12,1e-12,0.01,150,3,0.024887352250516415,0.8572798343375325,0.02206693682819605,7.0,13.0,45.72352050000336,30,30,0,,0,,0
A,1e-05,0.01,1e-12,1e-12,0.01,150,4,0.039045585319399834,0.6311356872320175,0.036223188042640686,8.0,12.0,45.73947120003868,30,30,0,,0,,0
A,1e-05,0.1,1e-12,1e-12,0.01,150,0,0.0300394706428051,0.6230279593728483,0.024914709851145744,6.5,12.5,45.66445979999844,30,30,0,,0,,0
A,1e-05,0.1,1e-12,1e-12,0.01,150,1,0.031928351148962975,0.6956972414627671,0.027672773227095604,6.0,12.5,45.29427359998226,30,30,0,,0,,0
A,1e-05,0.1,1e-12,1e-12,0.01,150,2,0.041270941495895386,0.6231998801231384,0.03590929135680199,7.0,12.0,45.16523619997315,30,30,0,,0,,0
A,1e-05,0.1,1e-12,1e-12,0.01,150,3,0.021287813782691956,0.6834960021078587,0.017798452638089657,7.0,13.0,45.13657329999842,30,30,0,,0,,0
A,1e-05,0.1,1e-12,1e-12,0.01,150,4,0.0468129888176918,0.4387774937786162,0.0468129888176918,7.0,12.0,44.864630899974145,30,30,0,,0,,0
A,1e-05,1.0,1e-12,1e-12,0.01,150,0,0.02976904809474945,0.6344896047376096,0.02472858689725399,6.5,12.5,45.40001810004469,30,30,0,,0,,0
A,1e-05,1.0,1e-12,1e-12,0.01,150,1,0.03010370582342148,0.6494051897898316,0.023968705907464027,6.0,13.0,44.900423799990676,30,30,0,,0,,0
A,1e-05,1.0,1e-12,1e-12,0.01,150,2,0.03733360394835472,0.5976166315376759,0.037320856004953384,7.0,12.5,44.91843840002548,30,30,0,,0,,0
A,1e-05,1.0,1e-12,1e-12,0.01,150,3,0.02629006188362837,0.7908994825556874,0.023469646461308002,7.0,13.0,45.45689319993835,30,30,0,,0,,0
A,1e-05,1.0,1e-12,1e-12,0.01,150,4,0.046511704102158546,0.49283321434631944,0.046511704102158546,7.0,12.0,45.292863599956036,30,30,0,,0,,0
A,0.0001,1e-06,1e-12,1e-12,0.01,150,0,0.045775447972118855,0.7704579108394682,0.03852792922407389,4.0,13.0,45.687728799995966,30,30,0,,0,,0
A,0.0001,1e-06,1e-12,1e-12,0.01,150,1,0.0479557728394866,0.7949385344982147,0.03818805329501629,3.5,12.5,45.43574390001595,30,30,0,,0,,0
A,0.0001,1e-06,1e-12,1e-12,0.01,150,2,0.04636653698980808,0.6503284722566605,0.041306786239147186,4.0,12.0,45.69418809993658,30,30,0,,0,,0
A,0.0001,1e-06,1e-12,1e-12,0.01,150,3,0.048938690684735775,0.6687776413746178,0.04027684684842825,5.0,12.5,45.59057399991434,30,30,0,,0,,0
A,0.0001,1e-06,1e-12,1e-12,0.01,150,4,0.04372336529195309,0.6263195453211665,0.03849233128130436,5.0,12.5,45.481671300018206,30,30,0,,0,,0
A,0.0001,1e-05,1e-12,1e-12,0.01,150,0,0.045775447972118855,0.7808154099620879,0.03852792922407389,4.0,13.0,45.28682299994398,30,30,0,,0,,0
A,0.0001,1e-05,1e-12,1e-12,0.01,150,1,0.0479557728394866,0.7949385344982147,0.03818805329501629,3.5,12.5,45.15059800003655,30,30,0,,0,,0
A,0.0001,1e-05,1e-12,1e-12,0.01,150,2,0.04636653698980808,0.6503284722566605,0.041306786239147186,4.0,12.0,59.51733089995105,30,30,0,,0,,0
A,0.0001,1e-05,1e-12,1e-12,0.01,150,3,0.048938690684735775,0.6687776413746178,0.04027684684842825,5.0,12.5,45.849932799930684,30,30,0,,0,,0
A,0.0001,1e-05,1e-12,1e-12,0.01,150,4,0.04372336529195309,0.6263195453211665,0.03849233128130436,5.0,12.5,45.103407800081186,30,30,0,,0,,0
A,0.0001,0.0001,1e-12,1e-12,0.01,150,0,0.045775447972118855,0.7814731504768133,0.03852792922407389,4.0,13.0,45.0998813000042,30,30,0,,0,,0
A,0.0001,0.0001,1e-12,1e-12,0.01,150,1,0.0479557728394866,0.7949488880112767,0.03818805329501629,4.0,12.5,44.62552050000522,30,30,0,,0,,0
A,0.0001,0.0001,1e-12,1e-12,0.01,150,2,0.04636653698980808,0.6503284722566605,0.041306786239147186,4.5,12.5,44.75097240007017,30,30,0,,0,,0
A,0.0001,0.0001,1e-12,1e-12,0.01,150,3,0.048938690684735775,0.6686171130277216,0.04027684684842825,5.0,12.5,44.848593699978665,30,30,0,,0,,0
A,0.0001,0.0001,1e-12,1e-12,0.01,150,4,0.04372336529195309,0.6263200216926634,0.03849233128130436,5.0,12.5,44.63079760002438,30,30,0,,0,,0
A,0.0001,0.001,1e-12,1e-12,0.01,150,0,0.045775447972118855,0.7742263954132795,0.03852792922407389,5.0,12.5,44.98073139996268,30,30,0,,0,,0
A,0.0001,0.001,1e-12,1e-12,0.01,150,1,0.0479557728394866,0.7212938466109335,0.03818805329501629,5.0,12.5,44.53412500000559,30,30,0,,0,,0
A,0.0001,0.001,1e-12,1e-12,0.01,150,2,0.04206516407430172,0.7490779794752598,0.03700541332364082,5.5,12.5,44.81616549997125,30,30,0,,0,,0
A,0.0001,0.001,1e-12,1e-12,0.01,150,3,0.048938690684735775,0.8304233816452324,0.04027684684842825,5.5,12.5,44.61656260001473,30,30,0,,0,,0
A,0.0001,0.001,1e-12,1e-12,0.01,150,4,0.04372336529195309,0.6329388665035367,0.03849233128130436,5.0,13.0,44.54448239994235,30,30,0,,0,,0
A,0.0001,0.01,1e-12,1e-12,0.01,150,0,0.04042753670364618,0.607330933213234,0.03787918481975794,6.5,12.5,44.540948200039566,30,30,0,,0,,0
A,0.0001,0.01,1e-12,1e-12,0.01,150,1,0.0479557728394866,0.7446510316804051,0.039966643787920475,6.5,12.0,44.59069169999566,30,30,0,,0,,0
A,0.0001,0.01,1e-12,1e-12,0.01,150,2,0.041270941495895386,0.6000841706991196,0.03589385747909546,6.0,12.0,44.899033099994995,30,30,0,,0,,0
A,0.0001,0.01,1e-12,1e-12,0.01,150,3,0.02706918492913246,0.855156946927309,0.02706918492913246,7.0,13.0,44.84077580005396,30,30,0,,0,,0
A,0.0001,0.01,1e-12,1e-12,0.01,150,4,0.039045585319399834,0.6325851236470044,0.036223188042640686,7.5,12.0,44.82499100000132,30,30,0,,0,,0
A,0.0001,0.1,1e-12,1e-12,0.01,150,0,0.0300394706428051,0.6230279593728483,0.024914709851145744,6.5,12.5,44.66136190004181,30,30,0,,0,,0
A,0.0001,0.1,1e-12,1e-12,0.01,150,1,0.031928351148962975,0.6956972414627671,0.027672773227095604,6.0,12.5,44.79766749998089,30,30,0,,0,,0
A,0.0001,0.1,1e-12,1e-12,0.01,150,2,0.041270941495895386,0.6231998801231384,0.03590929135680199,7.0,12.0,44.676305799977854,30,30,0,,0,,0
A,0.0001,0.1,1e-12,1e-12,0.01,150,3,0.021287813782691956,0.6834805803373456,0.017798452638089657,7.0,13.0,45.212940600002185,30,30,0,,0,,0
A,0.0001,0.1,1e-12,1e-12,0.01,150,4,0.046723758801817894,0.4387774937786162,0.046723758801817894,7.0,12.0,48.60706329997629,30,30,0,,0,,0
A,0.0001,1.0,1e-12,1e-12,0.01,150,0,0.02976904809474945,0.6344896047376096,0.02472858689725399,6.5,12.5,63.24133819993585,30,30,0,,0,,0
A,0.0001,1.0,1e-12,1e-12,0.01,150,1,0.03010370582342148,0.6494051897898316,0.023968705907464027,6.0,13.0,52.923881199909374,30,30,0,,0,,0
A,0.0001,1.0,1e-12,1e-12,0.01,150,2,0.03733360394835472,0.5976166315376759,0.037320856004953384,7.0,12.5,59.581875600037165,30,30,0,,0,,0
A,0.0001,1.0,1e-12,1e-12,0.01,150,3,0.02629006188362837,0.7908994825556874,0.023469646461308002,7.0,13.0,49.41896650008857,30,30,0,,0,,0
A,0.0001,1.0,1e-12,1e-12,0.01,150,4,0.046511704102158546,0.49283321434631944,0.046511704102158546,7.0,12.0,46.50866079994012,30,30,0,,0,,0
A,0.001,1e-06,1e-12,1e-12,0.01,150,0,0.046569871716201305,0.7737511373125017,0.03832109738141298,1.5,13.0,46.198125099996105,30,30,0,,0,,0
A,0.001,1e-06,1e-12,1e-12,0.01,150,1,0.0479557728394866,0.7872134894132614,0.03810573183000088,1.0,12.5,46.285106000024825,30,30,0,,0,,0
A,0.001,1e-06,1e-12,1e-12,0.01,150,2,0.04636653698980808,0.618716299533844,0.04129904322326183,1.5,12.0,46.14068050007336,30,30,0,,0,,0
A,0.001,1e-06,1e-12,1e-12,0.01,150,3,0.04890438076108694,0.6686493344604969,0.040242536924779415,1.0,12.5,45.950371199985966,30,30,0,,0,,0
A,0.001,1e-06,1e-12,1e-12,0.01,150,4,0.0468129888176918,0.5926746120676398,0.0468129888176918,1.5,13.0,47.877184799988754,30,30,0,,0,,0
A,0.001,1e-05,1e-12,1e-12,0.01,150,0,0.046569871716201305,0.7737511373125017,0.03832109738141298,1.5,13.0,48.31310869997833,30,30,0,,0,,0
A,0.001,1e-05,1e-12,1e-12,0.01,150,1,0.0479557728394866,0.7872134894132614,0.03810573183000088,1.0,12.5,46.938326000003144,30,30,0,,0,,0
A,0.001,1e-05,1e-12,1e-12,0.01,150,2,0.04636653698980808,0.618716299533844,0.04129904322326183,1.5,12.0,55.635516299982555,30,30,0,,0,,0
A,0.001,1e-05,1e-12,1e-12,0.01,150,3,0.04890438076108694,0.6686493344604969,0.040242536924779415,1.0,12.5,54.0239872999955,30,30,0,,0,,0
A,0.001,1e-05,1e-12,1e-12,0.01,150,4,0.0468129888176918,0.5926746120676398,0.0468129888176918,1.5,13.0,55.87507369997911,30,30,0,,0,,0
A,0.001,0.0001,1e-12,1e-12,0.01,150,0,0.046569871716201305,0.7737511373125017,0.03832109738141298,1.5,13.0,60.82136309996713,30,30,0,,0,,0
A,0.001,0.0001,1e-12,1e-12,0.01,150,1,0.0479557728394866,0.7872134894132614,0.03810573183000088,1.0,12.5,59.70197739999276,30,30,0,,0,,0
A,0.001,0.0001,1e-12,1e-12,0.01,150,2,0.04636653698980808,0.618716299533844,0.04129904322326183,1.5,12.0,59.302297400077805,30,30,0,,0,,0
A,0.001,0.0001,1e-12,1e-12,0.01,150,3,0.04890438076108694,0.6686493344604969,0.040242536924779415,1.5,12.5,58.87434660003055,30,30,0,,0,,0
A,0.001,0.0001,1e-12,1e-12,0.01,150,4,0.0468129888176918,0.5926746120676398,0.0468129888176918,1.5,13.0,51.956033600028604,30,30,0,,0,,0
A,0.001,0.001,1e-12,1e-12,0.01,150,0,0.03957196045666933,0.7737511373125017,0.03832109738141298,1.5,13.0,48.056320299976505,30,30,0,,0,,0
A,0.001,0.001,1e-12,1e-12,0.01,150,1,0.0479557728394866,0.7857784368097782,0.03810573183000088,1.5,12.5,47.78201690001879,30,30,0,,0,,0
A,0.001,0.001,1e-12,1e-12,0.01,150,2,0.04557231441140175,0.618716299533844,0.04129904322326183,1.5,12.0,48.10751440003514,30,30,0,,0,,0
A,0.001,0.001,1e-12,1e-12,0.01,150,3,0.04890438076108694,0.6690381737425923,0.040242536924779415,1.5,12.5,62.518609599908814,30,30,0,,0,,0
A,0.001,0.001,1e-12,1e-12,0.01,150,4,0.0468129888176918,0.5813407246023417,0.0468129888176918,2.0,13.0,63.31151339993812,30,30,0,,0,,0
A,0.001,0.01,1e-12,1e-12,0.01,150,0,0.039778792299330235,0.7869665282778442,0.03852792922407389,3.5,12.5,63.49862610001583,30,30,0,,0,,0
A,0.001,0.01,1e-12,1e-12,0.01,150,1,0.04777360986918211,0.7342197615653276,0.0380058903247118,4.0,12.0,62.463567700004205,30,30,0,,0,,0
A,0.001,0.01,1e-12,1e-12,0.01,150,2,0.041270941495895386,0.7191956513561308,0.03589385747909546,4.0,12.5,63.3131229999708,30,30,0,,0,,0
A,0.001,0.01,1e-12,1e-12,0.01,150,3,0.048938690684735775,0.631213269662112,0.04027684684842825,4.0,13.0,62.794366499991156,30,30,0,,0,,0
A,0.001,0.01,1e-12,1e-12,0.01,150,4,0.046723758801817894,0.6248989040032029,0.046723758801817894,3.5,12.5,64.347467900021,30,30,0,,0,,0
A,0.001,0.1,1e-12,1e-12,0.01,150,0,0.0300394706428051,0.6254964601248503,0.024914709851145744,6.0,12.5,63.785945200012065,30,30,0,,0,,0
A,0.001,0.1,1e-12,1e-12,0.01,150,1,0.031928351148962975,0.6775687271729112,0.027672773227095604,6.0,13.0,63.1962302000029,30,30,0,,0,,0
A,0.001,0.1,1e-12,1e-12,0.01,150,2,0.04268250614404678,0.6211815401911736,0.037320856004953384,6.0,12.0,63.048745600041,30,30,0,,0,,0
A,0.001,0.1,1e-12,1e-12,0.01,150,3,0.021287813782691956,0.6834960021078587,0.017798452638089657,7.0,13.0,63.44359879998956,30,30,0,,0,,0
A,0.001,0.1,1e-12,1e-12,0.01,150,4,0.0468129888176918,0.4406451964750886,0.0468129888176918,7.0,12.0,63.30464829993434,30,30,0,,0,,0
A,0.001,1.0,1e-12,1e-12,0.01,150,0,0.02976904809474945,0.6945704906247556,0.02472858689725399,6.5,12.5,62.853752800030634,30,30,0,,0,,0
A,0.001,1.0,1e-12,1e-12,0.01,150,1,0.03010370582342148,0.650310839060694,0.02241341397166252,6.0,13.0,65.0059880000772,30,30,0,,0,,0
A,0.001,1.0,1e-12,1e-12,0.01,150,2,0.03733360394835472,0.5976166315376759,0.037320856004953384,7.0,12.5,63.597005299991,30,30,0,,0,,0
A,0.001,1.0,1e-12,1e-12,0.01,150,3,0.02629006188362837,0.7862630607560277,0.023469646461308002,7.0,13.0,63.73046669992618,30,30,0,,0,,0
A,0.001,1.0,1e-12,1e-12,0.01,150,4,0.046511704102158546,0.49283321434631944,0.046511704102158546,7.0,12.0,63.59463429998141,30,30,0,,0,,0
A,0.01,1e-06,1e-12,1e-12,0.01,150,0,0.029562216252088547,0.7086960882879794,0.02762266807258129,1.0,12.0,63.66264620004222,30,30,0,,0,,0
A,0.01,1e-06,1e-12,1e-12,0.01,150,1,0.04215160571038723,0.772380062378943,0.029824577271938324,1.0,12.0,63.9480893999571,30,30,0,,0,,0
A,0.01,1e-06,1e-12,1e-12,0.01,150,2,0.04204060882329941,0.47992111928761005,0.03667895868420601,1.0,12.5,63.81244659994263,30,30,0,,0,,0
A,0.01,1e-06,1e-12,1e-12,0.01,150,3,0.037524652667343616,0.5021139308810234,0.02886280883103609,1.0,13.0,63.26201489998493,30,30,0,,0,,0
A,0.01,1e-06,1e-12,1e-12,0.01,150,4,0.0468129888176918,0.5365456193685532,0.0468129888176918,1.0,12.0,65.31799480004702,30,30,0,,0,,0
A,0.01,1e-05,1e-12,1e-12,0.01,150,0,0.029562216252088547,0.7086960882879794,0.02762266807258129,1.0,12.0,60.19328669994138,30,30,0,,0,,0
A,0.01,1e-05,1e-12,1e-12,0.01,150,1,0.04215160571038723,0.772380062378943,0.029824577271938324,1.0,12.0,53.7562868000241,30,30,0,,0,,0
A,0.01,1e-05,1e-12,1e-12,0.01,150,2,0.04204060882329941,0.47992111928761005,0.03667895868420601,1.0,12.5,51.932257600012235,30,30,0,,0,,0
A,0.01,1e-05,1e-12,1e-12,0.01,150,3,0.037524652667343616,0.5021139308810234,0.02886280883103609,1.0,13.0,59.989510900108144,30,30,0,,0,,0
A,0.01,1e-05,1e-12,1e-12,0.01,150,4,0.0468129888176918,0.5365456193685532,0.0468129888176918,1.0,12.0,68.72217419999652,30,30,0,,0,,0
A,0.01,0.0001,1e-12,1e-12,0.01,150,0,0.029562216252088547,0.7086960882879794,0.02762266807258129,1.0,12.0,67.66935600002762,30,30,0,,0,,0
A,0.01,0.0001,1e-12,1e-12,0.01,150,1,0.04215160571038723,0.772380062378943,0.029824577271938324,1.0,12.0,60.259088000049815,30,30,0,,0,,0
A,0.01,0.0001,1e-12,1e-12,0.01,150,2,0.04204060882329941,0.47992111928761005,0.03667895868420601,1.0,12.5,60.93136259994935,30,30,0,,0,,0
A,0.01,0.0001,1e-12,1e-12,0.01,150,3,0.037524652667343616,0.5021139308810234,0.02886280883103609,1.0,13.0,53.430135200032964,30,30,0,,0,,0
A,0.01,0.0001,1e-12,1e-12,0.01,150,4,0.0468129888176918,0.5365456193685532,0.0468129888176918,1.0,12.0,54.179328799946234,30,30,0,,0,,0
A,0.01,0.001,1e-12,1e-12,0.01,150,0,0.029562216252088547,0.7086960882879794,0.02762266807258129,1.0,12.0,53.17870730010327,30,30,0,,0,,0
A,0.01,0.001,1e-12,1e-12,0.01,150,1,0.04215160571038723,0.772380062378943,0.029824577271938324,1.0,12.0,62.152935799909756,30,30,0,,0,,0
A,0.01,0.001,1e-12,1e-12,0.01,150,2,0.04204060882329941,0.47992111928761005,0.03667895868420601,1.0,12.5,73.66019659989979,30,30,0,,0,,0
A,0.01,0.001,1e-12,1e-12,0.01,150,3,0.037524652667343616,0.5021139308810234,0.02886280883103609,1.0,13.0,74.98677039996255,30,30,0,,0,,0
A,0.01,0.001,1e-12,1e-12,0.01,150,4,0.0468129888176918,0.5365456193685532,0.0468129888176918,1.0,12.0,52.11199090001173,30,30,0,,0,,0
A,0.01,0.01,1e-12,1e-12,0.01,150,0,0.02959086000919342,0.7710246737115085,0.02852923423051834,1.0,12.5,51.24470369995106,30,30,0,,0,,0
A,0.01,0.01,1e-12,1e-12,0.01,150,1,0.04215160571038723,0.7777999276295304,0.028045986779034138,1.0,12.0,51.63758770003915,30,30,0,,0,,0
A,0.01,0.01,1e-12,1e-12,0.01,150,2,0.04268250614404678,0.4852048624306917,0.037320856004953384,1.0,12.5,51.68778470007237,30,30,0,,0,,0
A,0.01,0.01,1e-12,1e-12,0.01,150,3,0.027131246402859688,0.5022525852546096,0.023501179181039333,1.0,13.0,51.434347499976866,30,30,0,,0,,0
A,0.01,0.01,1e-12,1e-12,0.01,150,4,0.0468129888176918,0.5562543654814363,0.0468129888176918,1.0,12.5,50.94432769995183,30,30,0,,0,,0
A,0.01,0.1,1e-12,1e-12,0.01,150,0,0.029562216252088547,0.834065601695329,0.023862825706601143,3.0,13.0,51.21569349989295,30,30,0,,0,,0
A,0.01,0.1,1e-12,1e-12,0.01,150,1,0.02911171317100525,0.8641107780858874,0.02911171317100525,2.0,12.5,51.722524799988605,30,30,0,,0,,0
A,0.01,0.1,1e-12,1e-12,0.01,150,2,0.04204060882329941,0.9802221208810806,0.03667895868420601,3.0,13.0,49.87028290005401,30,30,0,,0,,0
A,0.01,0.1,1e-12,1e-12,0.01,150,3,0.021945610642433167,0.7938508288934827,0.017798452638089657,3.0,13.0,56.9249074999243,30,30,0,,0,,0
A,0.01,0.1,1e-12,1e-12,0.01,150,4,0.04372336529195309,0.5480641284957528,0.039486080408096313,3.5,12.5,52.96817609993741,30,30,0,,0,,0
A,0.01,1.0,1e-12,1e-12,0.01,150,0,0.02976904809474945,0.6970389913767576,0.02472858689725399,6.0,12.5,55.22766380000394,30,30,0,,0,,0
A,0.01,1.0,1e-12,1e-12,0.01,150,1,0.03010370582342148,0.6542284884490073,0.02241341397166252,6.0,13.0,53.77194210002199,30,30,0,,0,,0
A,0.01,1.0,1e-12,1e-12,0.01,150,2,0.03733360394835472,0.5971347796730697,0.037320856004953384,6.0,12.0,55.46080390003044,30,30,0,,0,,0
A,0.01,1.0,1e-12,1e-12,0.01,150,3,0.02629006188362837,0.7754415543749928,0.023469646461308002,7.0,13.0,58.110304299974814,30,30,0,,0,,0
A,0.01,1.0,1e-12,1e-12,0.01,150,4,0.046511704102158546,0.4962190971709788,0.046511704102158546,7.0,12.0,59.29411690006964,30,30,0,,0,,0
A,0.1,1e-06,1e-12,1e-12,0.01,150,0,0.029562216252088547,0.7047913731075823,0.023862825706601143,1.0,12.0,51.92729030002374,30,30,0,,0,,0
A,0.1,1e-06,1e-12,1e-12,0.01,150,1,0.030168583616614342,0.8005648339167237,0.02407793328166008,1.0,13.0,50.85188880003989,30,30,0,,0,,0
A,0.1,1e-06,1e-12,1e-12,0.01,150,2,0.036691706627607346,0.741843955591321,0.03667895868420601,1.0,12.5,53.672936099930666,30,30,0,,0,,0
A,0.1,1e-06,1e-12,1e-12,0.01,150,3,0.027131246402859688,0.7777111893519759,0.023501179181039333,1.0,13.0,68.27755250001792,30,30,0,,0,,0
A,0.1,1e-06,1e-12,1e-12,0.01,150,4,0.04751639813184738,0.7015176564455032,0.04751639813184738,1.0,12.5,69.17234990000725,30,30,0,,0,,0
A,0.1,1e-05,1e-12,1e-12,0.01,150,0,0.029562216252088547,0.7047913731075823,0.023862825706601143,1.0,12.0,70.0735603000503,30,30,0,,0,,0
A,0.1,1e-05,1e-12,1e-12,0.01,150,1,0.030168583616614342,0.8005648339167237,0.02407793328166008,1.0,13.0,69.73595570004545,30,30,0,,0,,0
A,0.1,1e-05,1e-12,1e-12,0.01,150,2,0.036691706627607346,0.741843955591321,0.03667895868420601,1.0,12.5,69.5280351000838,30,30,0,,0,,0
A,0.1,1e-05,1e-12,1e-12,0.01,150,3,0.027131246402859688,0.7777111893519759,0.023501179181039333,1.0,13.0,56.82058039994445,30,30,0,,0,,0
A,0.1,1e-05,1e-12,1e-12,0.01,150,4,0.04751639813184738,0.7015176564455032,0.04751639813184738,1.0,12.5,50.1527880000649,30,30,0,,0,,0
A,0.1,0.0001,1e-12,1e-12,0.01,150,0,0.029562216252088547,0.7047913731075823,0.023862825706601143,1.0,12.0,50.7611396999564,30,30,0,,0,,0
A,0.1,0.0001,1e-12,1e-12,0.01,150,1,0.030168583616614342,0.8005648339167237,0.02407793328166008,1.0,13.0,51.79374890006147,30,30,0,,0,,0
A,0.1,0.0001,1e-12,1e-12,0.01,150,2,0.036691706627607346,0.741843955591321,0.03667895868420601,1.0,12.5,52.11799619998783,30,30,0,,0,,0
A,0.1,0.0001,1e-12,1e-12,0.01,150,3,0.027131246402859688,0.7777111893519759,0.023501179181039333,1.0,13.0,51.29556510003749,30,30,0,,0,,0
A,0.1,0.0001,1e-12,1e-12,0.01,150,4,0.04751639813184738,0.7015176564455032,0.04751639813184738,1.0,12.5,51.05042270000558,30,30,0,,0,,0
A,0.1,0.001,1e-12,1e-12,0.01,150,0,0.029562216252088547,0.7047913731075823,0.023862825706601143,1.0,12.0,51.39982509997208,30,30,0,,0,,0
A,0.1,0.001,1e-12,1e-12,0.01,150,1,0.030168583616614342,0.8017663969658315,0.02407793328166008,1.0,13.0,51.283328599995,30,30,0,,0,,0
A,0.1,0.001,1e-12,1e-12,0.01,150,2,0.036691706627607346,0.741843955591321,0.03667895868420601,1.0,12.5,51.09849409991875,30,30,0,,0,,0
A,0.1,0.001,1e-12,1e-12,0.01,150,3,0.027131246402859688,0.7777111893519759,0.023501179181039333,1.0,13.0,51.479068399989046,30,30,0,,0,,0
A,0.1,0.001,1e-12,1e-12,0.01,150,4,0.04751639813184738,0.7015176564455032,0.04751639813184738,1.0,12.5,51.570866599911824,30,30,0,,0,,0
A,0.1,0.01,1e-12,1e-12,0.01,150,0,0.029562216252088547,0.7047913731075823,0.023862825706601143,1.0,12.0,51.66574770002626,30,30,0,,0,,0
A,0.1,0.01,1e-12,1e-12,0.01,150,1,0.030168583616614342,0.8017663969658315,0.021296154707670212,1.0,13.0,52.17554430000018,30,30,0,,0,,0
A,0.1,0.01,1e-12,1e-12,0.01,150,2,0.036691706627607346,0.741843955591321,0.03667895868420601,1.0,12.5,51.38523660006467,30,30,0,,0,,0
A,0.1,0.01,1e-12,1e-12,0.01,150,3,0.027131246402859688,0.7777111893519759,0.023501179181039333,1.0,13.0,51.15370499994606,30,30,0,,0,,0
A,0.1,0.01,1e-12,1e-12,0.01,150,4,0.04751639813184738,0.7015176564455032,0.04751639813184738,1.0,12.5,50.920051100081764,30,30,0,,0,,0
A,0.1,0.1,1e-12,1e-12,0.01,150,0,0.02959086000919342,0.8027708972804248,0.023862825706601143,1.0,12.0,51.124736799974926,30,30,0,,0,,0
A,0.1,0.1,1e-12,1e-12,0.01,150,1,0.030168583616614342,0.8017663969658315,0.021296154707670212,1.0,13.0,50.914518299978226,30,30,0,,0,,0
A,0.1,0.1,1e-12,1e-12,0.01,150,2,0.03733360394835472,0.741843955591321,0.037320856004953384,1.0,12.5,51.24430429993663,30,30,0,,0,,0
A,0.1,0.1,1e-12,1e-12,0.01,150,3,0.027131246402859688,0.7887484794482589,0.023501179181039333,1.0,13.0,51.59239759994671,30,30,0,,0,,0
A,0.1,0.1,1e-12,1e-12,0.01,150,4,0.044426774606108665,0.7021236876025796,0.04064654931426048,1.0,12.5,51.31149380002171,30,30,0,,0,,0
A,0.1,1.0,1e-12,1e-12,0.01,150,0,0.029562216252088547,0.8184633110649884,0.023862825706601143,3.0,13.0,51.50830029998906,30,30,0,,0,,0
A,0.1,1.0,1e-12,1e-12,0.01,150,1,0.027242718264460564,0.8398212506435812,0.022625867277383804,2.0,13.0,51.01403530000243,30,30,0,,0,,0
A,0.1,1.0,1e-12,1e-12,0.01,150,2,0.036691706627607346,1.0069383452646434,0.03667895868420601,3.0,13.0,51.37154969992116,30,30,0,,0,,0
A,0.1,1.0,1e-12,1e-12,0.01,150,3,0.02629006188362837,0.6642105495557189,0.023469646461308002,3.0,13.0,51.47373309999239,30,30,0,,0,,0
A,0.1,1.0,1e-12,1e-12,0.01,150,4,0.038591278716921806,0.541170216165483,0.03206462599337101,3.0,13.0,67.52025970001705,30,30,0,,0,,0
B,1e-12,1e-12,1e-06,1e-06,0.01,150,0,0.05087205860763788,0.607847819570452,0.040921770967543125,8.0,12.5,45.24782759998925,30,30,0,,0,,0
B,1e-12,1e-12,1e-06,1e-06,0.01,150,1,0.0479557728394866,0.8116759853437543,0.03818805329501629,8.0,12.5,45.46042710007168,30,30,0,,0,,0
B,1e-12,1e-12,1e-06,1e-06,0.01,150,2,0.04636653698980808,0.7416354361921549,0.041306786239147186,8.0,12.5,44.951366499997675,30,30,0,,0,,0
B,1e-12,1e-12,1e-06,1e-06,0.01,150,3,0.048938690684735775,0.6628975886851549,0.04027684684842825,8.0,13.0,45.10159430000931,30,30,0,,0,,0
B,1e-12,1e-12,1e-06,1e-06,0.01,150,4,0.0468129888176918,0.6397083178162575,0.0468129888176918,8.0,12.5,48.71834180003498,30,30,0,,0,,0
B,1e-12,1e-12,1e-06,1e-05,0.01,150,0,0.05087205860763788,0.6071900790557265,0.040921770967543125,8.0,12.5,57.440537599963136,30,30,0,,0,,0
B,1e-12,1e-12,1e-06,1e-05,0.01,150,1,0.0479557728394866,0.8116759853437543,0.03818805329501629,8.0,13.0,45.38595460006036,30,30,0,,0,,0
B,1e-12,1e-12,1e-06,1e-05,0.01,150,2,0.04636653698980808,0.7416354361921549,0.041306786239147186,8.0,12.5,44.96075440000277,30,30,0,,0,,0
B,1e-12,1e-12,1e-06,1e-05,0.01,150,3,0.048938690684735775,0.66215845849365,0.04027684684842825,8.0,13.0,45.03169269999489,30,30,0,,0,,0
B,1e-12,1e-12,1e-06,1e-05,0.01,150,4,0.0468129888176918,0.6397083178162575,0.0468129888176918,8.0,12.5,45.05566569999792,30,30,0,,0,,0
B,1e-12,1e-12,1e-06,0.0001,0.01,150,0,0.05087205860763788,0.6072202976793051,0.040921770967543125,8.0,12.5,45.191088999970816,30,30,0,,0,,0
B,1e-12,1e-12,1e-06,0.0001,0.01,150,1,0.0479557728394866,0.8128342190757394,0.03818805329501629,8.0,13.0,45.79898890003096,30,30,0,,0,,0
B,1e-12,1e-12,1e-06,0.0001,0.01,150,2,0.046431222930550575,0.7418721076101065,0.041363729164004326,8.0,12.5,44.88081530004274,30,30,0,,0,,0
B,1e-12,1e-12,1e-06,0.0001,0.01,150,3,0.048938690684735775,0.6621045251376927,0.04027684684842825,8.0,13.0,44.817890700069256,30,30,0,,0,,0
B,1e-12,1e-12,1e-06,0.0001,0.01,150,4,0.04685448855161667,0.6397031522355974,0.04685448855161667,7.5,12.0,46.853374999947846,30,30,0,,0,,0
B,1e-12,1e-12,1e-06,0.001,0.01,150,0,0.05087205860763788,0.6093705845996737,0.040921770967543125,7.5,12.0,44.86046780005563,30,30,0,,0,,0
B,1e-12,1e-12,1e-06,0.001,0.01,150,1,0.0479557728394866,0.813527594320476,0.037823889404535294,7.5,12.5,45.46016900008544,30,30,0,,0,,0
B,1e-12,1e-12,1e-06,0.001,0.01,150,2,0.0473537165671587,0.7421919004991651,0.041363729164004326,7.0,12.0,45.8708891000133,30,30,0,,0,,0
B,1e-12,1e-12,1e-06,0.001,0.01,150,3,0.049005127511918545,0.6646696464158595,0.04034328367561102,7.5,12.5,45.45399909990374,30,30,0,,0,,0
B,1e-12,1e-12,1e-06,0.001,0.01,150,4,0.04681432992219925,0.6394565524533391,0.04681432992219925,8.0,12.0,45.27617929992266,30,30,0,,0,,0
B,1e-12,1e-12,1e-06,0.01,0.01,150,0,0.053907149471342564,0.5746519132517278,0.03606222663074732,7.0,12.0,45.22686210006941,30,30,0,,0,,0
B,1e-12,1e-12,1e-06,0.01,0.01,150,1,0.052493090741336346,0.8134159059263766,0.0450341897085309,6.0,12.0,44.95576190005522,30,30,0,,0,,0
B,1e-12,1e-12,1e-06,0.01,0.01,150,2,0.05278460308909416,0.7239519618451595,0.04513147659599781,6.0,12.0,44.811967200017534,30,30,0,,0,,0
B,1e-12,1e-12,1e-06,0.01,0.01,150,3,0.048977636732161045,0.6427819337695837,0.04031579289585352,7.0,12.0,44.69531650003046,30,30,0,,0,,0
B,1e-12,1e-12,1e-06,0.01,0.01,150,4,0.04832157492637634,0.6084670112468302,0.04832157492637634,7.5,12.0,44.82956780004315,30,30,0,,0,,0
B,1e-12,1e-12,1e-06,0.1,0.01,150,0,0.04594293050467968,0.5737820831127465,0.03783511649817228,7.0,12.0,44.786709400010295,30,30,0,,0,,0
B,1e-12,1e-12,1e-06,0.1,0.01,150,1,0.05268681049346924,0.6863168478012085,0.04557556286454201,6.0,12.0,44.71920259995386,30,30,0,,0,,0
B,1e-12,1e-12,1e-06,0.1,0.01,150,2,0.0573220569640398,0.7232452379539609,0.047641223296523094,7.0,12.0,44.68740749999415,30,30,0,,0,,0
B,1e-12,1e-12,1e-06,0.1,0.01,150,3,0.0489168344065547,0.5280657880939543,0.04025499057024717,7.0,12.5,44.81286189996172,30,30,0,,0,,0
B,1e-12,1e-12,1e-06,0.1,0.01,150,4,0.04729669541120529,0.5767599884420633,0.04729669541120529,7.5,12.0,44.65418479999062,30,30,0,,0,,0
B,1e-12,1e-12,1e-05,1e-06,0.01,150,0,0.045775447972118855,0.6078315139748156,0.03852792922407389,8.0,12.5,44.7800596000161,30,30,0,,0,,0
B,1e-12,1e-12,1e-05,1e-06,0.01,150,1,0.0479557728394866,0.8132139705121517,0.03818805329501629,8.0,12.0,44.65912930003833,30,30,0,,0,,0
B,1e-12,1e-12,1e-05,1e-06,0.01,150,2,0.04636653698980808,0.74175627483055,0.041306786239147186,8.0,12.0,44.73353190009948,30,30,0,,0,,0
B,1e-12,1e-12,1e-05,1e-06,0.01,150,3,0.048938690684735775,0.6628975886851549,0.04027684684842825,8.0,12.0,44.39497140003368,30,30,0,,0,,0
B,1e-12,1e-12,1e-05,1e-06,0.01,150,4,0.046687349677085876,0.6397083178162575,0.046687349677085876,8.0,12.0,45.74904130003415,30,30,0,,0,,0
B,1e-12,1e-12,1e-05,1e-05,0.01,150,0,0.05087205860763788,0.6078315139748156,0.040921770967543125,8.0,12.5,44.80857989995275,30,30,0,,0,,0
B,1e-12,1e-12,1e-05,1e-05,0.01,150,1,0.0479557728394866,0.8132139705121517,0.03818805329501629,8.0,12.0,44.73673820006661,30,30,0,,0,,0
B,1e-12,1e-12,1e-05,1e-05,0.01,150,2,0.04636653698980808,0.74175627483055,0.041306786239147186,8.0,12.0,44.62294639996253,30,30,0,,0,,0
B,1e-12,1e-12,1e-05,1e-05,0.01,150,3,0.048938690684735775,0.6628975886851549,0.04027684684842825,8.0,12.0,44.608654399984516,30,30,0,,0,,0
B,1e-12,1e-12,1e-05,1e-05,0.01,150,4,0.046687349677085876,0.6397083178162575,0.046687349677085876,8.0,12.0,44.749146699905396,30,30,0,,0,,0
B,1e-12,1e-12,1e-05,0.0001,0.01,150,0,0.05087205860763788,0.607847819570452,0.040921770967543125,8.0,12.5,45.278792900033295,30,30,0,,0,,0
B,1e-12,1e-12,1e-05,0.0001,0.01,150,1,0.0479557728394866,0.8113157451152802,0.03818805329501629,8.0,13.0,44.84820240002591,30,30,0,,0,,0
B,1e-12,1e-12,1e-05,0.0001,0.01,150,2,0.046431222930550575,0.7418781048618257,0.041363729164004326,8.0,12.5,45.22233909997158,30,30,0,,0,,0
B,1e-12,1e-12,1e-05,0.0001,0.01,150,3,0.049005127511918545,0.66215845849365,0.04034328367561102,8.0,12.5,44.79381199995987,30,30,0,,0,,0
B,1e-12,1e-12,1e-05,0.0001,0.01,150,4,0.0468129888176918,0.6397031522355974,0.0468129888176918,8.0,12.0,45.37654610001482,30,30,0,,0,,0
B,1e-12,1e-12,1e-05,0.001,0.01,150,0,0.05087205860763788,0.6095000663772225,0.040921770967543125,7.5,12.0,44.97390879993327,30,30,0,,0,,0
B,1e-12,1e-12,1e-05,0.001,0.01,150,1,0.0479557728394866,0.8126845108345151,0.037823889404535294,7.5,12.0,45.09546949993819,30,30,0,,0,,0
B,1e-12,1e-12,1e-05,0.001,0.01,150,2,0.0473537165671587,0.7421919004991651,0.041363729164004326,7.0,12.0,44.83377699996345,30,30,0,,0,,0
B,1e-12,1e-12,1e-05,0.001,0.01,150,3,0.049005127511918545,0.6636113687418401,0.04034328367561102,7.5,12.5,44.95118669990916,30,30,0,,0,,0
B,1e-12,1e-12,1e-05,0.001,0.01,150,4,0.04681432992219925,0.6394565524533391,0.04681432992219925,8.0,12.0,44.8068176000379,30,30,0,,0,,0
B,1e-12,1e-12,1e-05,0.01,0.01,150,0,0.053907149471342564,0.6095051332376897,0.03606222663074732,7.0,12.0,44.951208299957216,30,30,0,,0,,0
B,1e-12,1e-12,1e-05,0.01,0.01,150,1,0.052493090741336346,0.8134159059263766,0.0450341897085309,6.0,12.0,44.98417040007189,30,30,0,,0,,0
B,1e-12,1e-12,1e-05,0.01,0.01,150,2,0.05278460308909416,0.7239519618451595,0.04513147659599781,6.0,12.0,45.034096799907275,30,30,0,,0,,0
B,1e-12,1e-12,1e-05,0.01,0.01,150,3,0.048977636732161045,0.6427819337695837,0.04031579289585352,7.0,12.0,44.80608720006421,30,30,0,,0,,0
B,1e-12,1e-12,1e-05,0.01,0.01,150,4,0.04832157492637634,0.6084670112468302,0.04832157492637634,7.5,12.0,45.3491394999437,30,30,0,,0,,0
B,1e-12,1e-12,1e-05,0.1,0.01,150,0,0.04594293050467968,0.5737820831127465,0.03783511649817228,7.0,12.0,44.94248169998173,30,30,0,,0,,0
B,1e-12,1e-12,1e-05,0.1,0.01,150,1,0.05268681049346924,0.6863168478012085,0.04557556286454201,6.0,12.0,44.66122800006997,30,30,0,,0,,0
B,1e-12,1e-12,1e-05,0.1,0.01,150,2,0.0573220569640398,0.7232452379539609,0.047641223296523094,7.0,12.0,44.8382737999782,30,30,0,,0,,0
B,1e-12,1e-12,1e-05,0.1,0.01,150,3,0.0489168344065547,0.5280657880939543,0.04025499057024717,7.0,12.5,44.85866519995034,30,30,0,,0,,0
B,1e-12,1e-12,1e-05,0.1,0.01,150,4,0.04729669541120529,0.5767599884420633,0.04729669541120529,7.5,12.0,44.92493169999216,30,30,0,,0,,0
B,1e-12,1e-12,0.0001,1e-06,0.01,150,0,0.045775447972118855,0.6077497475780547,0.03852792922407389,8.0,12.0,44.965619900031015,30,30,0,,0,,0
B,1e-12,1e-12,0.0001,1e-06,0.01,150,1,0.0479557728394866,0.8130630450323224,0.03836916293948889,8.0,12.0,45.33139900001697,30,30,0,,0,,0
B,1e-12,1e-12,0.0001,1e-06,0.01,150,2,0.04636653698980808,0.7406717571429908,0.04129036329686642,8.0,12.0,45.14737839996815,30,30,0,,0,,0
B,1e-12,1e-12,0.0001,1e-06,0.01,150,3,0.049005127511918545,0.6595261720940471,0.04034328367561102,8.0,11.5,45.320799299981445,30,30,0,,0,,0
B,1e-12,1e-12,0.0001,1e-06,0.01,150,4,0.046687349677085876,0.6388863236643374,0.046687349677085876,8.0,12.0,45.46699710004032,30,30,0,,0,,0
B,1e-12,1e-12,0.0001,1e-05,0.01,150,0,0.045775447972118855,0.6077497475780547,0.03852792922407389,8.0,12.0,45.47029379999731,30,30,0,,0,,0
B,1e-12,1e-12,0.0001,1e-05,0.01,150,1,0.0479557728394866,0.8130630450323224,0.03836916293948889,8.0,12.0,45.59202640003059,30,30,0,,0,,0
B,1e-12,1e-12,0.0001,1e-05,0.01,150,2,0.04636653698980808,0.7406717571429908,0.04129036329686642,8.0,12.0,45.61263480002526,30,30,0,,0,,0
B,1e-12,1e-12,0.0001,1e-05,0.01,150,3,0.049005127511918545,0.6595261720940471,0.04034328367561102,8.0,11.5,45.586429100017995,30,30,0,,0,,0
B,1e-12,1e-12,0.0001,1e-05,0.01,150,4,0.046687349677085876,0.6388863236643374,0.046687349677085876,8.0,12.0,45.73923199996352,30,30,0,,0,,0
B,1e-12,1e-12,0.0001,0.0001,0.01,150,0,0.05087205860763788,0.6077497475780547,0.040921770967543125,8.0,12.0,45.63326279993635,30,30,0,,0,,0
B,1e-12,1e-12,0.0001,0.0001,0.01,150,1,0.0479557728394866,0.8116297172382474,0.037823889404535294,8.0,12.0,45.3736012999434,30,30,0,,0,,0
B,1e-12,1e-12,0.0001,0.0001,0.01,150,2,0.0464389193803072,0.7406717571429908,0.041306786239147186,8.0,12.0,45.5594147000229,30,30,0,,0,,0
B,1e-12,1e-12,0.0001,0.0001,0.01,150,3,0.049005127511918545,0.6608232050202787,0.04034328367561102,8.0,11.5,45.35214239999186,30,30,0,,0,,0
B,1e-12,1e-12,0.0001,0.0001,0.01,150,4,0.046687349677085876,0.6396305332891643,0.046687349677085876,8.0,12.0,45.87354130006861,30,30,0,,0,,0
B,1e-12,1e-12,0.0001,0.001,0.01,150,0,0.05087205860763788,0.6069328719750047,0.040921770967543125,7.5,12.0,45.1647774000885,30,30,0,,0,,0
B,1e-12,1e-12,0.0001,0.001,0.01,150,1,0.05348994396626949,0.8116466188803315,0.04438543785363436,8.0,12.0,45.563620800036006,30,30,0,,0,,0
B,1e-12,1e-12,0.0001,0.001,0.01,150,2,0.0473537165671587,0.7421768726781011,0.041363729164004326,7.5,12.0,46.21313689998351,30,30,0,,0,,0
B,1e-12,1e-12,0.0001,0.001,0.01,150,3,0.049005127511918545,0.6617521145381033,0.04034328367561102,8.0,12.0,44.81926919997204,30,30,0,,0,,0
B,1e-12,1e-12,0.0001,0.001,0.01,150,4,0.0468129888176918,0.6391876288689673,0.0468129888176918,7.5,12.0,45.06259409990162,30,30,0,,0,,0
B,1e-12,1e-12,0.0001,0.01,0.01,150,0,0.053907149471342564,0.6095051332376897,0.03606222663074732,6.5,12.0,45.00529290002305,30,30,0,,0,,0
B,1e-12,1e-12,0.0001,0.01,0.01,150,1,0.052493090741336346,0.8134159059263766,0.0462624030187726,6.0,12.0,45.09589190001134,30,30,0,,0,,0
B,1e-12,1e-12,0.0001,0.01,0.01,150,2,0.057324035093188286,0.7237150529399514,0.04866219125688076,6.0,12.0,44.82473600003868,30,30,0,,0,,0
B,1e-12,1e-12,0.0001,0.01,0.01,150,3,0.048977636732161045,0.6588923092931509,0.04031579289585352,7.0,12.0,45.08291489991825,30,30,0,,0,,0
B,1e-12,1e-12,0.0001,0.01,0.01,150,4,0.04832157492637634,0.6084670112468302,0.04832157492637634,7.5,12.0,60.618973599979654,30,30,0,,0,,0
B,1e-12,1e-12,0.0001,0.1,0.01,150,0,0.04594293050467968,0.5738603253848851,0.03783511649817228,7.0,12.0,45.38695199997164,30,30,0,,0,,0
B,1e-12,1e-12,0.0001,0.1,0.01,150,1,0.05268681049346924,0.6867135846987367,0.04581253603100777,6.0,12.0,45.19374410004821,30,30,0,,0,,0
B,1e-12,1e-12,0.0001,0.1,0.01,150,2,0.0573220569640398,0.7232452379539609,0.047641223296523094,7.0,12.0,45.52296470000874,30,30,0,,0,,0
B,1e-12,1e-12,0.0001,0.1,0.01,150,3,0.0489168344065547,0.5280657880939543,0.04025499057024717,7.0,12.0,44.95306490000803,30,30,0,,0,,0
B,1e-12,1e-12,0.0001,0.1,0.01,150,4,0.04729669541120529,0.5767599884420633,0.04729669541120529,7.5,12.0,45.08253710006829,30,30,0,,0,,0
B,1e-12,1e-12,0.001,1e-06,0.01,150,0,0.04353033099323511,0.6056462745182216,0.03803092334419489,9.0,10.0,45.09644949994981,30,30,0,,0,,0
B,1e-12,1e-12,0.001,1e-06,0.01,150,1,0.04868760146200657,0.8072257526218891,0.04002575762569904,8.5,10.0,45.03753090009559,30,30,0,,0,,0
B,1e-12,1e-12,0.001,1e-06,0.01,150,2,0.04914666898548603,0.745281326584518,0.04124518483877182,8.5,10.0,44.82605239993427,30,30,0,,0,,0
B,1e-12,1e-12,0.001,1e-06,0.01,150,3,0.05262774135917425,0.6587928254157305,0.043965897522866726,8.0,10.0,45.24721170007251,30,30,0,,0,,0
B,1e-12,1e-12,0.001,1e-06,0.01,150,4,0.04814518801867962,0.6378362416289747,0.04668600857257843,8.0,10.0,44.87027059996035,30,30,0,,0,,0
B,1e-12,1e-12,0.001,1e-05,0.01,150,0,0.04353033099323511,0.6056462745182216,0.03803092334419489,9.0,10.0,45.169101399951614,30,30,0,,0,,0
B,1e-12,1e-12,0.001,1e-05,0.01,150,1,0.04868760146200657,0.8072257526218891,0.04002575762569904,8.5,10.0,44.90618799999356,30,30,0,,0,,0
B,1e-12,1e-12,0.001,1e-05,0.01,150,2,0.04914666898548603,0.745281326584518,0.04124518483877182,8.5,10.0,45.15812000003643,30,30,0,,0,,0
B,1e-12,1e-12,0.001,1e-05,0.01,150,3,0.05262774135917425,0.6587928254157305,0.043965897522866726,8.0,10.0,44.89506100001745,30,30,0,,0,,0
B,1e-12,1e-12,0.001,1e-05,0.01,150,4,0.04814518801867962,0.6378362416289747,0.04668600857257843,8.0,10.0,45.17497190006543,30,30,0,,0,,0
B,1e-12,1e-12,0.001,0.0001,0.01,150,0,0.04353033099323511,0.6056462745182216,0.03803092334419489,9.0,10.0,45.283365500043146,30,30,0,,0,,0
B,1e-12,1e-12,0.001,0.0001,0.01,150,1,0.04868760146200657,0.8072257526218891,0.04002575762569904,8.5,10.0,45.13935409998521,30,30,0,,0,,0
B,1e-12,1e-12,0.001,0.0001,0.01,150,2,0.04808349348604679,0.745281326584518,0.04124518483877182,8.5,10.0,45.0402383999899,30,30,0,,0,,0
B,1e-12,1e-12,0.001,0.0001,0.01,150,3,0.05262774135917425,0.6587928254157305,0.043965897522866726,8.0,10.0,46.0964691999834,30,30,0,,0,,0
B,1e-12,1e-12,0.001,0.0001,0.01,150,4,0.04814518801867962,0.6378362416289747,0.04668600857257843,8.0,10.0,45.109870800049976,30,30,0,,0,,0
B,1e-12,1e-12,0.001,0.001,0.01,150,0,0.051548694260418415,0.6056462745182216,0.03579248208552599,8.0,10.0,45.580484300036915,30,30,0,,0,,0
B,1e-12,1e-12,0.001,0.001,0.01,150,1,0.0479557728394866,0.8072257526218891,0.04002575762569904,8.5,11.0,45.409791499958374,30,30,0,,0,,0
B,1e-12,1e-12,0.001,0.001,0.01,150,2,0.04808349348604679,0.7449373402632773,0.039998482912778854,8.0,10.0,45.76176340004895,30,30,0,,0,,0
B,1e-12,1e-12,0.001,0.001,0.01,150,3,0.05246599670499563,0.6587928254157305,0.04380415286868811,8.0,10.0,45.28108439990319,30,30,0,,0,,0
B,1e-12,1e-12,0.001,0.001,0.01,150,4,0.048146529123187065,0.6379012512043118,0.046687349677085876,8.0,10.0,45.224374199984595,30,30,0,,0,,0
B,1e-12,1e-12,0.001,0.01,0.01,150,0,0.053907149471342564,0.6072582853958011,0.03606222663074732,7.5,12.0,45.501527399988845,30,30,0,,0,,0
B,1e-12,1e-12,0.001,0.01,0.01,150,1,0.05252584349364042,0.8131919736042619,0.04642389249056578,7.0,11.0,45.21979659993667,30,30,0,,0,,0
B,1e-12,1e-12,0.001,0.01,0.01,150,2,0.05369970761239529,0.7492434177547693,0.04503786377608776,6.5,10.5,45.18185299995821,30,30,0,,0,,0
B,1e-12,1e-12,0.001,0.01,0.01,150,3,0.05208089295774698,0.664649922400713,0.04341904912143946,7.0,11.5,45.61849870008882,30,30,0,,0,,0
B,1e-12,1e-12,0.001,0.01,0.01,150,4,0.04672292619943619,0.6430658036842942,0.04672292619943619,7.5,11.0,44.94469840009697,30,30,0,,0,,0
B,1e-12,1e-12,0.001,0.1,0.01,150,0,0.04594293050467968,0.5737594477832317,0.03783511649817228,7.0,12.0,45.12952429999132,30,30,0,,0,,0
B,1e-12,1e-12,0.001,0.1,0.01,150,1,0.05268681049346924,0.6863168478012085,0.04521096870303154,6.0,12.0,45.09735890000593,30,30,0,,0,,0
B,1e-12,1e-12,0.001,0.1,0.01,150,2,0.0573220569640398,0.7477483944967389,0.047641223296523094,6.5,11.0,44.9160476999823,30,30,0,,0,,0
B,1e-12,1e-12,0.001,0.1,0.01,150,3,0.04851933661848307,0.5279947007074952,0.03985749278217554,7.0,12.0,45.13135899999179,30,30,0,,0,,0
B,1e-12,1e-12,0.001,0.1,0.01,150,4,0.046994470059871674,0.5767599884420633,0.046994470059871674,7.5,12.0,45.03768619999755,30,30,0,,0,,0
B,1e-12,1e-12,0.01,1e-06,0.01,150,0,0.048606143333017826,0.8295039613731205,0.0391298895701766,8.5,5.0,45.192323999945074,30,30,0,,0,,0
B,1e-12,1e-12,0.01,1e-06,0.01,150,1,0.05107448250055313,0.8170393356122077,0.042412638664245605,8.5,7.0,44.82947849994525,30,30,0,,0,,0
B,1e-12,1e-12,0.01,1e-06,0.01,150,2,0.049231456592679024,0.7798492042347789,0.0405696127563715,8.0,6.0,44.80911260005087,30,30,0,,0,,0
B,1e-12,1e-12,0.01,1e-06,0.01,150,3,0.05055411998182535,0.6561276204884052,0.041892276145517826,8.0,6.0,45.13081649993546,30,30,0,,0,,0
B,1e-12,1e-12,0.01,1e-06,0.01,150,4,0.04797728918492794,0.6309704510495067,0.045211389660835266,8.5,4.5,44.936472499975935,30,30,0,,0,,0
B,1e-12,1e-12,0.01,1e-05,0.01,150,0,0.048606143333017826,0.8295039613731205,0.0391298895701766,8.5,5.0,44.76529779995326,30,30,0,,0,,0
B,1e-12,1e-12,0.01,1e-05,0.01,150,1,0.05107448250055313,0.8170393356122077,0.042412638664245605,8.5,7.0,44.91495060001034,30,30,0,,0,,0
B,1e-12,1e-12,0.01,1e-05,0.01,150,2,0.049231456592679024,0.7798492042347789,0.0405696127563715,8.0,6.0,46.8228320000926,30,30,0,,0,,0
B,1e-12,1e-12,0.01,1e-05,0.01,150,3,0.05055411998182535,0.6561276204884052,0.041892276145517826,8.0,6.0,48.51002669997979,30,30,0,,0,,0
B,1e-12,1e-12,0.01,1e-05,0.01,150,4,0.04797728918492794,0.6309704510495067,0.045211389660835266,8.5,4.5,48.02978500002064,30,30,0,,0,,0
B,1e-12,1e-12,0.01,0.0001,0.01,150,0,0.048606143333017826,0.8290398078970611,0.0391298895701766,8.5,5.0,49.79421540000476,30,30,0,,0,,0
B,1e-12,1e-12,0.01,0.0001,0.01,150,1,0.05107448250055313,0.8170393356122077,0.042412638664245605,8.5,7.0,69.05232350004371,30,30,0,,0,,0
B,1e-12,1e-12,0.01,0.0001,0.01,150,2,0.049231456592679024,0.7798492042347789,0.0405696127563715,8.0,6.0,46.5457700000843,30,30,0,,0,,0
B,1e-12,1e-12,0.01,0.0001,0.01,150,3,0.05055411998182535,0.6561276204884052,0.041892276145517826,8.0,6.0,45.06748830003198,30,30,0,,0,,0
B,1e-12,1e-12,0.01,0.0001,0.01,150,4,0.04797728918492794,0.6309704510495067,0.045211389660835266,8.5,4.5,45.286556600010954,30,30,0,,0,,0
B,1e-12,1e-12,0.01,0.001,0.01,150,0,0.04838099796324968,0.8290398078970611,0.03890474420040846,8.5,5.0,45.27992490003817,30,30,0,,0,,0
B,1e-12,1e-12,0.01,0.001,0.01,150,1,0.05107448250055313,0.8170393356122077,0.042412638664245605,8.5,7.0,45.09617829998024,30,30,0,,0,,0
B,1e-12,1e-12,0.01,0.001,0.01,150,2,0.049231456592679024,0.7803736571222544,0.0405696127563715,8.0,6.0,45.06214000005275,30,30,0,,0,,0
B,1e-12,1e-12,0.01,0.001,0.01,150,3,0.05055411998182535,0.6561276204884052,0.041892276145517826,8.0,6.0,45.045720100053586,30,30,0,,0,,0
B,1e-12,1e-12,0.01,0.001,0.01,150,4,0.04797728918492794,0.6309704510495067,0.045211389660835266,8.5,5.0,45.371769699966535,30,30,0,,0,,0
B,1e-12,1e-12,0.01,0.01,0.01,150,0,0.04848294425755739,0.8288812306709588,0.03900669049471617,8.5,7.0,45.41248449997511,30,30,0,,0,,0
B,1e-12,1e-12,0.01,0.01,0.01,150,1,0.050797853618860245,0.8090395224280655,0.04213600978255272,8.5,7.0,44.91331329999957,30,30,0,,0,,0
B,1e-12,1e-12,0.01,0.01,0.01,150,2,0.04923573136329651,0.7802701606415212,0.04059094376862049,8.0,6.5,45.04176569997799,30,30,0,,0,,0
B,1e-12,1e-12,0.01,0.01,0.01,150,3,0.0533022740855813,0.655045690946281,0.04464043024927378,8.0,7.5,44.87237820005976,30,30,0,,0,,0
B,1e-12,1e-12,0.01,0.01,0.01,150,4,0.04797728918492794,0.630150587297976,0.045211389660835266,8.0,7.0,45.360949099995196,30,30,0,,0,,0
B,1e-12,1e-12,0.01,0.1,0.01,150,0,0.05108403041958809,0.7748113954439759,0.04147943574935198,7.5,10.0,45.12012079998385,30,30,0,,0,,0
B,1e-12,1e-12,0.01,0.1,0.01,150,1,0.054533738642930984,0.6864068214781582,0.049535954371094704,7.5,11.0,45.20342959999107,30,30,0,,0,,0
B,1e-12,1e-12,0.01,0.1,0.01,150,2,0.05890371650457382,0.7832236113026738,0.05073205195367336,7.0,9.0,45.79717229993548,30,30,0,,0,,0
B,1e-12,1e-12,0.01,0.1,0.01,150,3,0.053816487081348896,0.5759474853985012,0.04515464324504137,7.0,9.0,45.48572039999999,30,30,0,,0,,0
B,1e-12,1e-12,0.01,0.1,0.01,150,4,0.049548299983143806,0.6419052006676793,0.046340906992554665,7.0,9.5,45.671330100041814,30,30,0,,0,,0
B,1e-12,1e-12,0.1,1e-06,0.01,150,0,0.04536515846848488,0.9406220549717546,0.03903117496520281,8.5,1.0,45.56324940000195,30,30,0,,0,,0
B,1e-12,1e-12,0.1,1e-06,0.01,150,1,0.053229961544275284,0.8338724640198052,0.04745659977197647,8.5,1.0,46.2635477000149,30,30,0,,0,,0
B,1e-12,1e-12,0.1,1e-06,0.01,150,2,0.0532595869153738,1.19616030016914,0.04187752120196819,8.0,1.0,45.657117199967615,30,30,0,,0,,0
B,1e-12,1e-12,0.1,1e-06,0.01,150,3,0.046565333381295204,0.7732616448774934,0.041956194676458836,8.0,1.0,45.10208400001284,30,30,0,,0,,0
B,1e-12,1e-12,0.1,1e-06,0.01,150,4,0.052704401314258575,0.653605661354959,0.05000999756157398,8.5,1.0,44.979115599999204,30,30,0,,0,,0
B,1e-12,1e-12,0.1,1e-05,0.01,150,0,0.04536515846848488,0.9406220549717546,0.03903117496520281,8.5,1.0,45.2587125999853,30,30,0,,0,,0
B,1e-12,1e-12,0.1,1e-05,0.01,150,1,0.053229961544275284,0.8338724640198052,0.04745659977197647,8.5,1.0,45.00396269990597,30,30,0,,0,,0
B,1e-12,1e-12,0.1,1e-05,0.01,150,2,0.0532595869153738,1.19616030016914,0.04187752120196819,8.0,1.0,44.838042599963956,30,30,0,,0,,0
B,1e-12,1e-12,0.1,1e-05,0.01,150,3,0.046565333381295204,0.7732616448774934,0.041956194676458836,8.0,1.0,45.06760369997937,30,30,0,,0,,0
B,1e-12,1e-12,0.1,1e-05,0.01,150,4,0.052704401314258575,0.653605661354959,0.05000999756157398,8.5,1.0,45.441443699994124,30,30,0,,0,,0
B,1e-12,1e-12,0.1,0.0001,0.01,150,0,0.046534907072782516,0.9406220549717546,0.03903117496520281,8.5,1.0,45.04760200006422,30,30,0,,0,,0
B,1e-12,1e-12,0.1,0.0001,0.01,150,1,0.053229961544275284,0.8338724640198052,0.04745659977197647,8.5,1.0,44.8349484000355,30,30,0,,0,,0
B,1e-12,1e-12,0.1,0.0001,0.01,150,2,0.0532595869153738,1.19616030016914,0.04187752120196819,8.0,1.0,44.88560120004695,30,30,0,,0,,0
B,1e-12,1e-12,0.1,0.0001,0.01,150,3,0.046565333381295204,0.7732616448774934,0.041956194676458836,8.0,1.0,45.010579199995846,30,30,0,,0,,0
B,1e-12,1e-12,0.1,0.0001,0.01,150,4,0.052704401314258575,0.653605661354959,0.05000999756157398,8.5,1.0,44.990849799942225,30,30,0,,0,,0
B,1e-12,1e-12,0.1,0.001,0.01,150,0,0.046534907072782516,0.9406220549717546,0.03903117496520281,8.5,1.0,44.679650499951094,30,30,0,,0,,0
B,1e-12,1e-12,0.1,0.001,0.01,150,1,0.053229961544275284,0.8338724640198052,0.04679304361343384,8.5,1.0,44.968314999947324,30,30,0,,0,,0
B,1e-12,1e-12,0.1,0.001,0.01,150,2,0.0532595869153738,1.19616030016914,0.04187752120196819,8.0,1.0,45.00584340002388,30,30,0,,0,,0
B,1e-12,1e-12,0.1,0.001,0.01,150,3,0.04736869968473911,0.7732616448774934,0.041956194676458836,8.0,1.0,45.253634099964984,30,30,0,,0,,0
B,1e-12,1e-12,0.1,0.001,0.01,150,4,0.052704401314258575,0.653605661354959,0.05000999756157398,8.5,1.0,45.78948630008381,30,30,0,,0,,0
B,1e-12,1e-12,0.1,0.01,0.01,150,0,0.046534907072782516,0.9406220549717546,0.03903117496520281,8.5,1.0,45.22304680000525,30,30,0,,0,,0
B,1e-12,1e-12,0.1,0.01,0.01,150,1,0.05260023847222328,0.8338724640198052,0.04806656390428543,8.5,1.0,45.000451200059615,30,30,0,,0,,0
B,1e-12,1e-12,0.1,0.01,0.01,150,2,0.05577179044485092,1.1963229458779097,0.03821892850100994,8.0,1.0,45.411986500024796,30,30,0,,0,,0
B,1e-12,1e-12,0.1,0.01,0.01,150,3,0.04649619944393635,0.7732616448774934,0.041956194676458836,8.0,1.0,45.05329949990846,30,30,0,,0,,0
B,1e-12,1e-12,0.1,0.01,0.01,150,4,0.052704401314258575,0.653605661354959,0.05042922683060169,8.5,1.0,44.99446580000222,30,30,0,,0,,0
B,1e-12,1e-12,0.1,0.1,0.01,150,0,0.04921350162476301,0.927917517721653,0.04003042262047529,8.5,1.0,45.23493569996208,30,30,0,,0,,0
B,1e-12,1e-12,0.1,0.1,0.01,150,1,0.05258825048804283,0.8357246648520231,0.04546946845948696,8.5,1.0,45.049343499937095,30,30,0,,0,,0
B,1e-12,1e-12,0.1,0.1,0.01,150,2,0.05613411404192448,1.2695412747561932,0.041643792763352394,8.5,1.0,44.938578300061636,30,30,0,,0,,0
B,1e-12,1e-12,0.1,0.1,0.01,150,3,0.050563620403409004,0.7740647415630519,0.042016676627099514,8.0,1.0,45.1630500999745,30,30,0,,0,,0
B,1e-12,1e-12,0.1,0.1,0.01,150,4,0.05309633910655975,0.6547966008074582,0.04973614402115345,8.5,1.0,45.17978999996558,30,30,0,,0,,0
B,1e-12,1e-12,1.0,1e-06,0.01,150,0,0.04849093500524759,1.1087023187428713,0.035166800022125244,8.0,1.0,45.00953979999758,30,30,0,,0,,0
B,1e-12,1e-12,1.0,1e-06,0.01,150,1,0.05442166142165661,0.7578970324248075,0.04705802816897631,9.0,1.0,44.79775869997684,30,30,0,,0,,0
B,1e-12,1e-12,1.0,1e-06,0.01,150,2,0.047341400757431984,1.175591261126101,0.03867955692112446,8.0,1.0,45.1016677999869,30,30,0,,0,,0
B,1e-12,1e-12,1.0,1e-06,0.01,150,3,0.04800967313349247,0.7557539120316505,0.040864729322493076,8.0,1.0,44.980926999938674,30,30,0,,0,,0
B,1e-12,1e-12,1.0,1e-06,0.01,150,4,0.0492525827139616,0.8369607040658593,0.04717964679002762,8.0,1.0,45.16565380000975,30,30,0,,0,,0
B,1e-12,1e-12,1.0,1e-05,0.01,150,0,0.04849093500524759,1.1087023187428713,0.035166800022125244,8.0,1.0,45.0388664000202,30,30,0,,0,,0
B,1e-12,1e-12,1.0,1e-05,0.01,150,1,0.05442166142165661,0.7578970324248075,0.04705802816897631,9.0,1.0,45.330842999974266,30,30,0,,0,,0
B,1e-12,1e-12,1.0,1e-05,0.01,150,2,0.047341400757431984,1.175591261126101,0.03867955692112446,8.0,1.0,45.18289789999835,30,30,0,,0,,0
B,1e-12,1e-12,1.0,1e-05,0.01,150,3,0.04800967313349247,0.7557539120316505,0.040864729322493076,8.0,1.0,45.36065950000193,30,30,0,,0,,0
B,1e-12,1e-12,1.0,1e-05,0.01,150,4,0.0492525827139616,0.8369607040658593,0.04717964679002762,8.0,1.0,45.83094010001514,30,30,0,,0,,0
B,1e-12,1e-12,1.0,0.0001,0.01,150,0,0.04849093500524759,1.1087023187428713,0.035166800022125244,8.0,1.0,45.61469110008329,30,30,0,,0,,0
B,1e-12,1e-12,1.0,0.0001,0.01,150,1,0.05442166142165661,0.7578970324248075,0.04705802816897631,9.0,1.0,45.664242800092325,30,30,0,,0,,0
B,1e-12,1e-12,1.0,0.0001,0.01,150,2,0.047341400757431984,1.175591261126101,0.03867955692112446,8.0,1.0,45.72624650003854,30,30,0,,0,,0
B,1e-12,1e-12,1.0,0.0001,0.01,150,3,0.04800967313349247,0.7557539120316505,0.040864729322493076,8.0,1.0,45.79823650000617,30,30,0,,0,,0
B,1e-12,1e-12,1.0,0.0001,0.01,150,4,0.0492525827139616,0.8369607040658593,0.04717964679002762,8.0,1.0,45.35832180001307,30,30,0,,0,,0
B,1e-12,1e-12,1.0,0.001,0.01,150,0,0.04849093500524759,1.1087023187428713,0.035166800022125244,8.0,1.0,45.647774500073865,30,30,0,,0,,0
B,1e-12,1e-12,1.0,0.001,0.01,150,1,0.05442166142165661,0.7578970324248075,0.04705802816897631,9.0,1.0,45.42612540000118,30,30,0,,0,,0
B,1e-12,1e-12,1.0,0.001,0.01,150,2,0.047341400757431984,1.175591261126101,0.03867955692112446,8.0,1.0,45.41069259995129,30,30,0,,0,,0
B,1e-12,1e-12,1.0,0.001,0.01,150,3,0.04800967313349247,0.7557539120316505,0.040864729322493076,8.0,1.0,47.17740429996047,30,30,0,,0,,0
B,1e-12,1e-12,1.0,0.001,0.01,150,4,0.0492525827139616,0.8369607040658593,0.04717964679002762,8.0,1.0,48.65779520000797,30,30,0,,0,,0
B,1e-12,1e-12,1.0,0.01,0.01,150,0,0.04849093500524759,1.1087023187428713,0.035166800022125244,8.0,1.0,46.565818800008856,30,30,0,,0,,0
B,1e-12,1e-12,1.0,0.01,0.01,150,1,0.05442166142165661,0.7578970324248075,0.04705802816897631,9.0,1.0,45.08877479995135,30,30,0,,0,,0
B,1e-12,1e-12,1.0,0.01,0.01,150,2,0.047341400757431984,1.175591261126101,0.03867955692112446,8.0,1.0,61.28639750008006,30,30,0,,0,,0
B,1e-12,1e-12,1.0,0.01,0.01,150,3,0.04800967313349247,0.7557539120316505,0.040864729322493076,8.0,1.0,44.944028300000355,30,30,0,,0,,0
B,1e-12,1e-12,1.0,0.01,0.01,150,4,0.0492525827139616,0.8369607040658593,0.04717964679002762,8.0,1.0,45.13466280000284,30,30,0,,0,,0
B,1e-12,1e-12,1.0,0.1,0.01,150,0,0.0483150752261281,1.1087023187428713,0.03499094024300575,8.0,1.0,45.17280210007448,30,30,0,,0,,0
B,1e-12,1e-12,1.0,0.1,0.01,150,1,0.05442166142165661,0.7578970324248075,0.04705802816897631,9.0,1.0,45.2960951999994,30,30,0,,0,,0
B,1e-12,1e-12,1.0,0.1,0.01,150,2,0.047341400757431984,1.175591261126101,0.03867955692112446,8.0,1.0,44.978277800022624,30,30,0,,0,,0
B,1e-12,1e-12,1.0,0.1,0.01,150,3,0.04800967313349247,0.7557539120316505,0.040864729322493076,8.0,1.0,45.055044499924406,30,30,0,,0,,0
B,1e-12,1e-12,1.0,0.1,0.01,150,4,0.0492525827139616,0.8353588292375207,0.04717964679002762,8.0,1.0,44.96019819995854,30,30,0,,0,,0
C,0.1,0.1,0.0001,0.01,0.01,150,0,0.030248817056417465,0.6747253248468041,0.023328129202127457,1.0,12.0,46.27922020002734,30,30,0,,0,,0
C,0.1,0.1,0.0001,0.01,0.01,150,1,0.022264103405177593,0.8030571457929909,0.017025653272867203,1.0,12.5,46.529777899966575,30,30,0,,0,,0
C,0.1,0.1,0.0001,0.01,0.01,150,2,0.03758258372545242,0.7418834082782269,0.03758258372545242,1.0,12.5,45.85871880000923,30,30,0,,0,,0
C,0.1,0.1,0.0001,0.01,0.01,150,3,0.025098797865211964,0.7908369917422533,0.021991287358105183,1.0,12.5,46.736848999978974,30,30,0,,0,,0
C,0.1,0.1,0.0001,0.01,0.01,150,4,0.044358689337968826,0.7061847494915128,0.03866918943822384,1.0,12.5,46.757707400014624,30,30,0,,0,,0
C,0.1,0.1,1e-05,0.01,0.01,150,0,0.030248817056417465,0.6747253248468041,0.023328129202127457,1.0,12.0,46.74911480001174,30,30,0,,0,,0
C,0.1,0.1,1e-05,0.01,0.01,150,1,0.022264103405177593,0.8030571457929909,0.017025653272867203,1.0,13.0,46.376429299940355,30,30,0,,0,,0
C,0.1,0.1,1e-05,0.01,0.01,150,2,0.03758258372545242,0.7418834082782269,0.03758258372545242,1.0,12.5,46.77768749999814,30,30,0,,0,,0
C,0.1,0.1,1e-05,0.01,0.01,150,3,0.025098797865211964,0.7908369917422533,0.021991287358105183,1.0,13.0,46.58450409991201,30,30,0,,0,,0
C,0.1,0.1,1e-05,0.01,0.01,150,4,0.044358689337968826,0.7061847494915128,0.038401972502470016,1.0,12.5,46.239655699930154,30,30,0,,0,,0
C,0.1,0.1,1e-06,0.01,0.01,150,0,0.030248817056417465,0.6747253248468041,0.023328129202127457,1.0,12.0,46.69114230002742,30,30,0,,0,,0
C,0.1,0.1,1e-06,0.01,0.01,150,1,0.022264103405177593,0.8030571457929909,0.017025653272867203,1.0,13.0,46.10156559990719,30,30,0,,0,,0
C,0.1,0.1,1e-06,0.01,0.01,150,2,0.03758258372545242,0.7418834082782269,0.03758258372545242,1.0,12.5,46.36956809996627,30,30,0,,0,,0
C,0.1,0.1,1e-06,0.01,0.01,150,3,0.025098797865211964,0.7908369917422533,0.021991287358105183,1.0,13.0,46.047057699994184,30,30,0,,0,,0
C,0.1,0.1,1e-06,0.01,0.01,150,4,0.044358689337968826,0.7061847494915128,0.038401972502470016,1.0,12.5,46.3441592999734,30,30,0,,0,,0
C,0.1,1e-06,0.0001,0.01,0.01,150,0,0.029342250898480415,0.6723273461684585,0.023328129202127457,1.0,12.0,45.725893900031224,30,30,0,,0,,0
C,0.1,1e-06,0.0001,0.01,0.01,150,1,0.024868598207831383,0.8019263572059572,0.020177701488137245,1.0,12.5,45.721070599975064,30,30,0,,0,,0
C,0.1,1e-06,0.0001,0.01,0.01,150,2,0.03758258372545242,0.6251359097659588,0.03758258372545242,1.0,12.0,46.03887109993957,30,30,0,,0,,0
C,0.1,1e-06,0.0001,0.01,0.01,150,3,0.025098797865211964,0.7908369917422533,0.021991287358105183,1.0,12.5,45.632364099961706,30,30,0,,0,,0
C,0.1,1e-06,0.0001,0.01,0.01,150,4,0.04588243179023266,0.7049671187996864,0.04556286893785,1.0,12.5,46.17221340001561,30,30,0,,0,,0
C,0.1,1e-06,1e-05,0.01,0.01,150,0,0.029342250898480415,0.6729583092965186,0.023328129202127457,1.0,12.0,46.17388289992232,30,30,0,,0,,0
C,0.1,1e-06,1e-05,0.01,0.01,150,1,0.024868598207831383,0.8019263572059572,0.020177701488137245,1.0,13.0,45.86320769996382,30,30,0,,0,,0
C,0.1,1e-06,1e-05,0.01,0.01,150,2,0.03758258372545242,0.6251359097659588,0.03758258372545242,1.0,12.0,46.09154600009788,30,30,0,,0,,0
C,0.1,1e-06,1e-05,0.01,0.01,150,3,0.025098797865211964,0.7908369917422533,0.021991287358105183,1.0,13.0,47.771182899945416,30,30,0,,0,,0
C,0.1,1e-06,1e-05,0.01,0.01,150,4,0.04588243179023266,0.7049671187996864,0.04556286893785,1.0,12.5,60.297864100080915,30,30,0,,0,,0
C,0.1,1e-06,1e-06,0.01,0.01,150,0,0.029342250898480415,0.6729583092965186,0.023328129202127457,1.0,12.0,44.75429139996413,30,30,0,,0,,0
C,0.1,1e-06,1e-06,0.01,0.01,150,1,0.024868598207831383,0.8019263572059572,0.020177701488137245,1.0,13.0,40.92277089995332,30,30,0,,0,,0
C,0.1,1e-06,1e-06,0.01,0.01,150,2,0.03758258372545242,0.6251359097659588,0.03758258372545242,1.0,12.0,40.963672999991104,30,30,0,,0,,0
C,0.1,1e-06,1e-06,0.01,0.01,150,3,0.025098797865211964,0.7908369917422533,0.021991287358105183,1.0,13.0,40.9407663999591,30,30,0,,0,,0
C,0.1,1e-06,1e-06,0.01,0.01,150,4,0.04588243179023266,0.7049671187996864,0.04556286893785,1.0,12.5,41.10248360002879,30,30,0,,0,,0
C,0.1,1e-05,0.0001,0.01,0.01,150,0,0.029342250898480415,0.6723273461684585,0.023328129202127457,1.0,12.0,40.9762744999025,30,30,0,,0,,0
C,0.1,1e-05,0.0001,0.01,0.01,150,1,0.024868598207831383,0.8019263572059572,0.020177701488137245,1.0,12.5,40.41099910007324,30,30,0,,0,,0
C,0.1,1e-05,0.0001,0.01,0.01,150,2,0.03758258372545242,0.6251359097659588,0.03758258372545242,1.0,12.0,40.199303600005805,30,30,0,,0,,0
C,0.1,1e-05,0.0001,0.01,0.01,150,3,0.025098797865211964,0.7908369917422533,0.021991287358105183,1.0,12.5,40.34976110002026,30,30,0,,0,,0
C,0.1,1e-05,0.0001,0.01,0.01,150,4,0.04588243179023266,0.7049671187996864,0.04556286893785,1.0,12.5,40.530813599936664,30,30,0,,0,,0
C,0.1,1e-05,1e-05,0.01,0.01,150,0,0.029342250898480415,0.6729583092965186,0.023328129202127457,1.0,12.0,40.11864370002877,30,30,0,,0,,0
C,0.1,1e-05,1e-05,0.01,0.01,150,1,0.024868598207831383,0.8019263572059572,0.020177701488137245,1.0,13.0,40.25678489997517,30,30,0,,0,,0
C,0.1,1e-05,1e-05,0.01,0.01,150,2,0.03758258372545242,0.6251359097659588,0.03758258372545242,1.0,12.0,40.63775270001497,30,30,0,,0,,0
C,0.1,1e-05,1e-05,0.01,0.01,150,3,0.025098797865211964,0.7908369917422533,0.021991287358105183,1.0,13.0,40.193035700009204,30,30,0,,0,,0
C,0.1,1e-05,1e-05,0.01,0.01,150,4,0.04588243179023266,0.7049671187996864,0.04556286893785,1.0,12.5,40.347580500063486,30,30,0,,0,,0
C,0.1,1e-05,1e-06,0.01,0.01,150,0,0.029342250898480415,0.6729583092965186,0.023328129202127457,1.0,12.0,40.31910339999013,30,30,0,,0,,0
C,0.1,1e-05,1e-06,0.01,0.01,150,1,0.024868598207831383,0.8019263572059572,0.020177701488137245,1.0,13.0,40.34871549997479,30,30,0,,0,,0
C,0.1,1e-05,1e-06,0.01,0.01,150,2,0.03758258372545242,0.6251359097659588,0.03758258372545242,1.0,12.0,40.427299199975096,30,30,0,,0,,0
C,0.1,1e-05,1e-06,0.01,0.01,150,3,0.025098797865211964,0.7908369917422533,0.021991287358105183,1.0,13.0,40.109745299909264,30,30,0,,0,,0
C,0.1,1e-05,1e-06,0.01,0.01,150,4,0.04588243179023266,0.7049671187996864,0.04556286893785,1.0,12.5,40.58944419992622,30,30,0,,0,,0
FINAL,0.1,0.1,1e-12,1e-12,0.01,250,0,0.0366407074034214,0.9642055546864867,0.02929970994591713,1.0,12.0,419.1041370999301,150,150,0,,0,,0
FINAL,0.1,0.1,1e-12,1e-12,0.01,250,1,0.04348598700016737,0.9930262472480536,0.03116034623235464,1.0,12.0,413.57603960006963,150,150,0,,0,,0
FINAL,0.1,0.1,1e-12,1e-12,0.01,250,2,0.0389226907864213,1.1365677174180746,0.035653647035360336,1.0,12.0,374.3593037999235,150,150,0,,0,,0
FINAL,0.1,0.1,1e-12,1e-12,0.01,250,3,0.037908898666501045,0.9574899529106915,0.03137366473674774,1.0,12.0,368.54605060000904,150,150,0,,0,,0
FINAL,0.1,0.1,1e-12,1e-12,0.01,250,4,0.03995351865887642,1.0441848989576101,0.031220770440995693,1.0,12.0,367.2305659999838,150,150,0,,0,,0
