"Name"                    , "State"   , "Notes", "User", "Tags", "Created"                 , "Runtime", "Sweep", "ablation_drop_indices"         , "ablation_feature_key", "ablation_feature_name", "ablation_mode", "ablation_node_type", "batch_size", "encoder_dropout", "gnnlayer_dropout", "hidden_dim", "in_dim_dict.C", "in_dim_dict.H", "in_dim_dict.Others", "loss_weight_C", "loss_weight_H", "lr"    , "normalize_edge_features", "normalize_node_features", "num_epochs", "num_gnn_layers", "operator_type", "optimizer", "out_dim", "output_detailed_predictions", "output_dir", "scheduler_factor", "scheduler_patience", "seed", "split_ratio"    , "weight_decay", "epoch", "run_status", "test_mae_C"        , "test_mae_H"          , "test_mse_C"        , "test_mse_H"           , "train_mae_C"       , "train_mae_H"         , "train_mse_C"       , "train_mse_H"          , "val_mae_C"         , "val_mae_H"           , "val_mse_C"         , "val_mse_H"            , "val_score"
"drop_orb_charge_mull_p_C", "finished", "-"    , ""    , ""    , "2026-03-05T15:00:44.000Z", "338"    , ""     , "[27]"                          , "orb_charge_mull_p_C" , "orb_charge_mull_p"    , "drop_column"  , "C"                 , "2"         , "0.1"            , "0.1"             , "128"       , "38"           , "33"           , "16"                , "1"            , "10"           , "0.0002", "true"                   , "true"                   , "80"        , "3"             , "GraphConv"    , "Adam"     , "128"    , "false"                      , "results"   , "0.7"             , "15"                , "0"   , "[0.7,0.15,0.15]", "0.00005"     , "35"   , "ok"        , "0.6087284696102142", "0.039228802969058355", "0.6981706564625104", "0.003985862334181244" , "0.5356644916305175", "0.026879550493680515", "0.6985303028329061", "0.0014040025599220266", "0.688929526082107" , "0.035416548805577416", "1.3244833372533322", "0.0023644474675945403", "0.5215475070689406"
"drop_orb_charge_mull_s_C", "finished", "-"    , ""    , ""    , "2026-03-05T14:55:04.000Z", "338"    , ""     , "[26]"                          , "orb_charge_mull_s_C" , "orb_charge_mull_s"    , "drop_column"  , "C"                 , "2"         , "0.1"            , "0.1"             , "128"       , "38"           , "33"           , "16"                , "1"            , "10"           , "0.0002", "true"                   , "true"                   , "80"        , "3"             , "GraphConv"    , "Adam"     , "128"    , "false"                      , "results"   , "0.7"             , "15"                , "0"   , "[0.7,0.15,0.15]", "0.00005"     , "34"   , "ok"        , "0.6179132360219955", "0.04179801781972249" , "0.9190144586811464", "0.0045183943883360675", "0.5589366873411031", "0.027466577093761706", "0.786828233407667" , "0.00142033857743417"  , "0.7767343146460397", "0.03279839332348534" , "1.70705658942461"  , "0.002104389378551527" , "0.5523591239404465"
"drop_at_charge_loew_C"   , "finished", "-"    , ""    , ""    , "2026-03-05T14:52:12.000Z", "171"    , ""     , "[25]"                          , "at_charge_loew_C"    , "at_charge_loew"       , "drop_column"  , "C"                 , "2"         , "0.1"            , "0.1"             , "128"       , "38"           , "33"           , "16"                , "1"            , "10"           , "0.0002", "true"                   , "true"                   , "80"        , "3"             , "GraphConv"    , "Adam"     , "128"    , "false"                      , "results"   , "0.7"             , "15"                , "0"   , "[0.7,0.15,0.15]", "0.00005"     , "17"   , "ok"        , "0.7102855745951334", "0.043038850078980125", "0.978214876651764" , "0.00467151434160769"  , "0.6395710798639518", "0.0323041502185739"  , "1.0196768524497748", "0.0019308197874880323", "0.7947370307786125", "0.03215168763750366" , "1.4030293249125991", "0.0020247692171584016", "0.5581269535768245"
"drop_at_charge_mull_C"   , "finished", "-"    , ""    , ""    , "2026-03-05T14:46:41.000Z", "329"    , ""     , "[24]"                          , "at_charge_mull_C"    , "at_charge_mull"       , "drop_column"  , "C"                 , "2"         , "0.1"            , "0.1"             , "128"       , "38"           , "33"           , "16"                , "1"            , "10"           , "0.0002", "true"                   , "true"                   , "80"        , "3"             , "GraphConv"    , "Adam"     , "128"    , "false"                      , "results"   , "0.7"             , "15"                , "0"   , "[0.7,0.15,0.15]", "0.00005"     , "34"   , "ok"        , "0.6609044999877611", "0.04224328577518463" , "1.008227358708779" , "0.004824149889172986" , "0.5754301213530394", "0.02703107787726017" , "0.8634359583817423", "0.0013681295867382477", "0.6844374809946333", "0.03361799730254071" , "0.904899062109845" , "0.0024288280792201735", "0.5103087270100202"
"drop_anisotropy_C"       , "finished", "-"    , ""    , ""    , "2026-03-05T14:43:14.000Z", "206"    , ""     , "[23]"                          , "anisotropy_C"        , "anisotropy"           , "drop_column"  , "C"                 , "2"         , "0.1"            , "0.1"             , "128"       , "38"           , "33"           , "16"                , "1"            , "10"           , "0.0002", "true"                   , "true"                   , "80"        , "3"             , "GraphConv"    , "Adam"     , "128"    , "false"                      , "results"   , "0.7"             , "15"                , "0"   , "[0.7,0.15,0.15]", "0.00005"     , "21"   , "ok"        , "0.5666234052181244", "0.03901121966540813" , "0.650425904293855" , "0.004047577812646826" , "0.6021531772842774", "0.030112281593565757", "0.8610237842826889", "0.00169851055700117"  , "0.7736687566552843", "0.036577515117824075", "1.2227181684757982", "0.00284661871971496"  , "0.5697219539167626"
"drop_asymmetry_C"        , "finished", "-"    , ""    , ""    , "2026-03-05T14:39:41.000Z", "211"    , ""     , "[22]"                          , "asymmetry_C"         , "asymmetry"            , "drop_column"  , "C"                 , "2"         , "0.1"            , "0.1"             , "128"       , "38"           , "33"           , "16"                , "1"            , "10"           , "0.0002", "true"                   , "true"                   , "80"        , "3"             , "GraphConv"    , "Adam"     , "128"    , "false"                      , "results"   , "0.7"             , "15"                , "0"   , "[0.7,0.15,0.15]", "0.00005"     , "21"   , "ok"        , "0.6310416585206986", "0.04208864296476046" , "0.9023246360818544", "0.00473296769700634"  , "0.6009798771601457", "0.030338742449306524", "0.8885011348816064", "0.0017338574923073443", "0.8535470941237041", "0.033720913875315874", "1.500429471795048" , "0.0023121430663325423", "0.5953781164384314"
"drop_skew_C"             , "finished", "-"    , ""    , ""    , "2026-03-05T14:34:11.000Z", "329"    , ""     , "[21]"                          , "skew_C"              , "skew"                 , "drop_column"  , "C"                 , "2"         , "0.1"            , "0.1"             , "128"       , "38"           , "33"           , "16"                , "1"            , "10"           , "0.0002", "true"                   , "true"                   , "80"        , "3"             , "GraphConv"    , "Adam"     , "128"    , "false"                      , "results"   , "0.7"             , "15"                , "0"   , "[0.7,0.15,0.15]", "0.00005"     , "34"   , "ok"        , "0.6543698318799337", "0.0416817357763648"  , "0.8161796999971072", "0.004484562560683116" , "0.5668279558420182", "0.02763848454046708" , "0.8096207879598324", "0.0014419517263573093", "0.6332421998892511", "0.031924443146479985", "0.7759877969111715", "0.001919201949411737" , "0.4762433156770255"
"drop_span_C"             , "finished", "-"    , ""    , ""    , "2026-03-05T14:28:42.000Z", "328"    , ""     , "[20]"                          , "span_C"              , "span"                 , "drop_column"  , "C"                 , "2"         , "0.1"            , "0.1"             , "128"       , "38"           , "33"           , "16"                , "1"            , "10"           , "0.0002", "true"                   , "true"                   , "80"        , "3"             , "GraphConv"    , "Adam"     , "128"    , "false"                      , "results"   , "0.7"             , "15"                , "0"   , "[0.7,0.15,0.15]", "0.00005"     , "34"   , "ok"        , "0.6494535799821218", "0.041753256221612293", "0.8124176528056463", "0.004636920763490101" , "0.5699070898386148", "0.02754372059725798" , "0.8023853947050297", "0.0014018230465724349", "0.6869927580867495", "0.03152560776631747" , "1.1179514146542977", "0.001943409130035434" , "0.5011244178749621"
"drop_shielding_para_C"   , "finished", "-"    , ""    , ""    , "2026-03-05T14:25:14.000Z", "206"    , ""     , "[19]"                          , "shielding_para_C"    , "shielding_para"       , "drop_column"  , "C"                 , "2"         , "0.1"            , "0.1"             , "128"       , "38"           , "33"           , "16"                , "1"            , "10"           , "0.0002", "true"                   , "true"                   , "80"        , "3"             , "GraphConv"    , "Adam"     , "128"    , "false"                      , "results"   , "0.7"             , "15"                , "0"   , "[0.7,0.15,0.15]", "0.00005"     , "21"   , "ok"        , "0.693559021949768" , "0.04354789430896441" , "1.0685138333837192", "0.004551209683219592" , "0.630617317052988" , "0.030560802722779605", "0.9857359317231636", "0.0017438924151401108", "0.938168410531112" , "0.03440558162650892" , "2.1160853980907373", "0.002240596058046711" , "0.6411121133981006"
"drop_shielding_dia_C"    , "finished", "-"    , ""    , ""    , "2026-03-05T14:21:44.000Z", "208"    , ""     , "[18]"                          , "shielding_dia_C"     , "shielding_dia"        , "drop_column"  , "C"                 , "2"         , "0.1"            , "0.1"             , "128"       , "38"           , "33"           , "16"                , "1"            , "10"           , "0.0002", "true"                   , "true"                   , "80"        , "3"             , "GraphConv"    , "Adam"     , "128"    , "false"                      , "results"   , "0.7"             , "15"                , "0"   , "[0.7,0.15,0.15]", "0.00005"     , "21"   , "ok"        , "0.6222858194510142", "0.04287839043885469" , "0.8290552737315496", "0.004401888755771021" , "0.6234599224879191", "0.03071812544591152" , "0.9357494097489576", "0.0018235350930794643", "0.9162820145487786", "0.03452497992132391" , "1.8930001870862072", "0.0023063123442365655", "0.6307659068810089"
"drop_CNX_C"              , "finished", "-"    , ""    , ""    , "2026-03-05T14:13:11.000Z", "511"    , ""     , "[17]"                          , "CNX_C"               , "CN(X)"                , "drop_column"  , "C"                 , "2"         , "0.1"            , "0.1"             , "128"       , "38"           , "33"           , "16"                , "1"            , "10"           , "0.0002", "true"                   , "true"                   , "80"        , "3"             , "GraphConv"    , "Adam"     , "128"    , "false"                      , "results"   , "0.7"             , "15"                , "0"   , "[0.7,0.15,0.15]", "0.00005"     , "54"   , "ok"        , "0.5703088482220967", "0.03857855431735516" , "0.5938613810141882", "0.003328923088265583" , "0.4851586104356326", "0.0238513714247025"  , "0.6051457889951193", "0.001093342553358525" , "0.6543620215994971", "0.03321190638733762" , "0.8885853178799152", "0.0021462760321030927", "0.49324054273643664"
"drop_shift_low_C"        , "finished", "-"    , ""    , ""    , "2026-03-05T14:10:26.000Z", "164"    , ""     , "[16]"                          , "shift_low_C"         , "shift_low"            , "drop_column"  , "C"                 , "2"         , "0.1"            , "0.1"             , "128"       , "38"           , "33"           , "16"                , "1"            , "10"           , "0.0002", "true"                   , "true"                   , "80"        , "3"             , "GraphConv"    , "Adam"     , "128"    , "false"                      , "results"   , "0.7"             , "15"                , "0"   , "[0.7,0.15,0.15]", "0.00005"     , "16"   , "ok"        , "0.7865927263100942", "0.0420796087756753"  , "1.2963811081647874", "0.004720237771592414" , "0.6433006106890164", "0.03254339434779607" , "1.0073409758221643", "0.0019984593838363743", "0.9015670137745994", "0.03154337319678494" , "4.250246785900423" , "0.0019111489428074232", "0.6085003728712244"
"drop_degree_C"           , "finished", "-"    , ""    , ""    , "2026-03-05T14:07:14.000Z", "190"    , ""     , "[15]"                          , "degree_C"            , "degree"               , "drop_column"  , "C"                 , "2"         , "0.1"            , "0.1"             , "128"       , "38"           , "33"           , "16"                , "1"            , "10"           , "0.0002", "true"                   , "true"                   , "80"        , "3"             , "GraphConv"    , "Adam"     , "128"    , "false"                      , "results"   , "0.7"             , "15"                , "0"   , "[0.7,0.15,0.15]", "0.00005"     , "19"   , "ok"        , "0.6421409873167674", "0.04283062460521857" , "0.8551504223545392", "0.005068446934844057" , "0.6421017125936654", "0.031408473978248926", "1.0802639269198362", "0.0018710903258761392", "0.7529707708529063", "0.03484328961265939" , "1.200053511879274" , "0.0023316181314709996", "0.5507018334897501"
"drop_formal_charge_C"    , "finished", "-"    , ""    , ""    , "2026-03-05T13:59:36.000Z", "457"    , ""     , "[14]"                          , "formal_charge_C"     , "formal_charge"        , "drop_column"  , "C"                 , "2"         , "0.1"            , "0.1"             , "128"       , "38"           , "33"           , "16"                , "1"            , "10"           , "0.0002", "true"                   , "true"                   , "80"        , "3"             , "GraphConv"    , "Adam"     , "128"    , "false"                      , "results"   , "0.7"             , "15"                , "0"   , "[0.7,0.15,0.15]", "0.00005"     , "48"   , "ok"        , "0.5648621747891108", "0.03788913813730081" , "0.5818039955198765", "0.0036100636201445014", "0.5099545787160213", "0.02492499662419924" , "0.7142072197694618", "0.0012014162503496313", "0.7213445874197143", "0.036025225730346784", "1.089010620649372" , "0.002511857361449594" , "0.540798422361591"
"drop_mass_C"             , "finished", "-"    , ""    , ""    , "2026-03-05T13:54:05.000Z", "330"    , ""     , "[13]"                          , "mass_C"              , "mass"                 , "drop_column"  , "C"                 , "2"         , "0.1"            , "0.1"             , "128"       , "38"           , "33"           , "16"                , "1"            , "10"           , "0.0002", "true"                   , "true"                   , "80"        , "3"             , "GraphConv"    , "Adam"     , "128"    , "false"                      , "results"   , "0.7"             , "15"                , "0"   , "[0.7,0.15,0.15]", "0.00005"     , "34"   , "ok"        , "0.6934614586830139", "0.04157068679730098" , "0.9260289945205052", "0.0048650924997249"   , "0.5458149638772011", "0.027904347891990956", "0.738589463531971" , "0.0014784619250209428", "0.7534458092280797", "0.033918587331260956", "1.1020840425576484", "0.0023889019889923343", "0.5463158412703446"
"drop_nodetype_onehot_C"  , "finished", "-"    , ""    , ""    , "2026-03-05T13:49:13.000Z", "290"    , ""     , "[0,1,2,3,4,5,6,7,8,9,10,11,12]", "nodetype_onehot_C"   , "nodetype_onehot"      , "drop_column"  , "C"                 , "2"         , "0.1"            , "0.1"             , "128"       , "26"           , "33"           , "16"                , "1"            , "10"           , "0.0002", "true"                   , "true"                   , "80"        , "3"             , "GraphConv"    , "Adam"     , "128"    , "false"                      , "results"   , "0.7"             , "15"                , "0"   , "[0.7,0.15,0.15]", "0.00005"     , "30"   , "ok"        , "0.6075906948248545", "0.04004343636333942" , "0.610620248913765" , "0.004430964301185061" , "0.5942162508918689", "0.027344543039798736", "0.8743310324790387", "0.001433693213442054" , "0.7434168479272297", "0.03459466745012573" , "1.271732297752585" , "0.0024665515466559943", "0.5446817612142435"
"drop_mayer_VA_H"         , "finished", "-"    , ""    , ""    , "2026-03-05T13:46:31.000Z", "161"    , ""     , "[32]"                          , "mayer_VA_H"          , "mayer_VA"             , "drop_column"  , "H"                 , "2"         , "0.1"            , "0.1"             , "128"       , "39"           , "32"           , "16"                , "1"            , "10"           , "0.0002", "true"                   , "true"                   , "80"        , "3"             , "GraphConv"    , "Adam"     , "128"    , "false"                      , "results"   , "0.7"             , "15"                , "0"   , "[0.7,0.15,0.15]", "0.00005"     , "16"   , "ok"        , "0.6814489358663559", "0.04417943055431048" , "0.9455834919710954", "0.0050444318059210975", "0.6369052556386361", "0.03246008315625099" , "1.003868752706509" , "0.0020662917289435145", "0.7934490497623171", "0.0358612666704825"  , "1.697722411794322" , "0.002357489663076454" , "0.576030858233571"
"drop_BO_mayer_H"         , "finished", "-"    , ""    , ""    , "2026-03-05T13:43:21.000Z", "188"    , ""     , "[31]"                          , "BO_mayer_H"          , "BO_mayer"             , "drop_column"  , "H"                 , "2"         , "0.1"            , "0.1"             , "128"       , "39"           , "32"           , "16"                , "1"            , "10"           , "0.0002", "true"                   , "true"                   , "80"        , "3"             , "GraphConv"    , "Adam"     , "128"    , "false"                      , "results"   , "0.7"             , "15"                , "0"   , "[0.7,0.15,0.15]", "0.00005"     , "19"   , "ok"        , "0.6821418656905492", "0.04361850676437219" , "0.952296560506026" , "0.004910448295995593" , "0.6111489241398298", "0.031103432800334233", "0.9074861163359422", "0.00183496232113192"  , "0.8411069382514272", "0.035516974675868236", "1.4594694308936595", "0.0025418898257027777", "0.5981383425050548"
"drop_BO_loew_H"          , "finished", "-"    , ""    , ""    , "2026-03-05T13:37:03.000Z", "377"    , ""     , "[30]"                          , "BO_loew_H"           , "BO_loew"              , "drop_column"  , "H"                 , "2"         , "0.1"            , "0.1"             , "128"       , "39"           , "32"           , "16"                , "1"            , "10"           , "0.0002", "true"                   , "true"                   , "80"        , "3"             , "GraphConv"    , "Adam"     , "128"    , "false"                      , "results"   , "0.7"             , "15"                , "0"   , "[0.7,0.15,0.15]", "0.00005"     , "39"   , "ok"        , "0.6357462851206461", "0.04138679583867391" , "0.7200374555587769", "0.003925104506391411" , "0.5686619492677542", "0.02602215436502145" , "0.9377343141631438", "0.0012531797809508414", "0.8650082068783896", "0.03555781364973102" , "1.7185111504580293", "0.0023169989735054384", "0.6102931716878499"
"drop_orb_charge_loew_p_H", "finished", "-"    , ""    , ""    , "2026-03-05T13:31:01.000Z", "356"    , ""     , "[29]"                          , "orb_charge_loew_p_H" , "orb_charge_loew_p"    , "drop_column"  , "H"                 , "2"         , "0.1"            , "0.1"             , "128"       , "39"           , "32"           , "16"                , "1"            , "10"           , "0.0002", "true"                   , "true"                   , "80"        , "3"             , "GraphConv"    , "Adam"     , "128"    , "false"                      , "results"   , "0.7"             , "15"                , "0"   , "[0.7,0.15,0.15]", "0.00005"     , "34"   , "ok"        , "0.6754545398553212", "0.04357741322368383" , "0.9181143607695896", "0.004294446415345495" , "0.5432302723022607", "0.027738001280679152", "0.7663267514166924", "0.001479381816013931" , "0.7791169815829821", "0.03329997383324163" , "1.9137023632015504", "0.002296458195113311" , "0.5560583599576993"
"drop_orb_charge_loew_s_H", "finished", "-"    , ""    , ""    , "2026-03-05T13:25:34.000Z", "325"    , ""     , "[28]"                          , "orb_charge_loew_s_H" , "orb_charge_loew_s"    , "drop_column"  , "H"                 , "2"         , "0.1"            , "0.1"             , "128"       , "39"           , "32"           , "16"                , "1"            , "10"           , "0.0002", "true"                   , "true"                   , "80"        , "3"             , "GraphConv"    , "Adam"     , "128"    , "false"                      , "results"   , "0.7"             , "15"                , "0"   , "[0.7,0.15,0.15]", "0.00005"     , "34"   , "ok"        , "0.6471052014827728", "0.04318254694342613" , "0.8957443362971147", "0.004488978691709538" , "0.5451017749768037", "0.027674070533651573", "0.7511459884448694", "0.0014375525168053662", "0.6535731630665915", "0.03214173004297274" , "0.971024200852428" , "0.0021328889893733765", "0.48749523174815945"
"drop_orb_charge_mull_p_H", "finished", "-"    , ""    , ""    , "2026-03-05T13:20:00.000Z", "333"    , ""     , "[27]"                          , "orb_charge_mull_p_H" , "orb_charge_mull_p"    , "drop_column"  , "H"                 , "2"         , "0.1"            , "0.1"             , "128"       , "39"           , "32"           , "16"                , "1"            , "10"           , "0.0002", "true"                   , "true"                   , "80"        , "3"             , "GraphConv"    , "Adam"     , "128"    , "false"                      , "results"   , "0.7"             , "15"                , "0"   , "[0.7,0.15,0.15]", "0.00005"     , "34"   , "ok"        , "0.6742095317443212", "0.041425421324869"   , "0.9224780543148516", "0.004374365618762871" , "0.5468533885478973", "0.02759710553317116" , "0.7296091206027912", "0.001433987897471525" , "0.7436480388045311", "0.033551018498837945", "1.815431464037725" , "0.0021779271956932334", "0.5395791118964552"
"drop_orb_charge_mull_s_H", "finished", "-"    , ""    , ""    , "2026-03-05T13:14:32.000Z", "326"    , ""     , "[26]"                          , "orb_charge_mull_s_H" , "orb_charge_mull_s"    , "drop_column"  , "H"                 , "2"         , "0.1"            , "0.1"             , "128"       , "39"           , "32"           , "16"                , "1"            , "10"           , "0.0002", "true"                   , "true"                   , "80"        , "3"             , "GraphConv"    , "Adam"     , "128"    , "false"                      , "results"   , "0.7"             , "15"                , "0"   , "[0.7,0.15,0.15]", "0.00005"     , "34"   , "ok"        , "0.6670048450430234", "0.04225231260061264" , "0.9735928715765476", "0.0044342039502225815", "0.5600936373839012", "0.027227017145890455", "0.7897133272800309", "0.0014018800714984535", "0.7131816451038633", "0.032931958604604"   , "1.3661205000111034", "0.002152007108504352" , "0.5212506155749517"
"drop_at_charge_loew_H"   , "finished", "-"    , ""    , ""    , "2026-03-05T13:08:54.000Z", "337"    , ""     , "[25]"                          , "at_charge_loew_H"    , "at_charge_loew"       , "drop_column"  , "H"                 , "2"         , "0.1"            , "0.1"             , "128"       , "39"           , "32"           , "16"                , "1"            , "10"           , "0.0002", "true"                   , "true"                   , "80"        , "3"             , "GraphConv"    , "Adam"     , "128"    , "false"                      , "results"   , "0.7"             , "15"                , "0"   , "[0.7,0.15,0.15]", "0.00005"     , "35"   , "ok"        , "0.6018273929754893", "0.04072316008309523" , "0.7214286822080612", "0.003998893642565235" , "0.5346271880085651", "0.026684510404100786", "0.7123785328693115", "0.001366444770963146" , "0.6477377844708306", "0.03368670651689172" , "1.0409367732703685", "0.002069440618756094" , "0.4923024248198739"
"drop_at_charge_mull_H"   , "finished", "-"    , ""    , ""    , "2026-03-05T13:03:25.000Z", "328"    , ""     , "[24]"                          , "at_charge_mull_H"    , "at_charge_mull"       , "drop_column"  , "H"                 , "2"         , "0.1"            , "0.1"             , "128"       , "39"           , "32"           , "16"                , "1"            , "10"           , "0.0002", "true"                   , "true"                   , "80"        , "3"             , "GraphConv"    , "Adam"     , "128"    , "false"                      , "results"   , "0.7"             , "15"                , "0"   , "[0.7,0.15,0.15]", "0.00005"     , "34"   , "ok"        , "0.6037087814013163", "0.04161340708533923" , "0.6761947264273961", "0.004189629887308304" , "0.5473161663229649", "0.027385670946767696", "0.725865489880626" , "0.001397269042522217" , "0.8775989821978978", "0.03336569166609219" , "1.8274667872914243", "0.00228885310311203"  , "0.6056279494294099"
"drop_anisotropy_H"       , "finished", "-"    , ""    , ""    , "2026-03-05T12:57:57.000Z", "326"    , ""     , "[23]"                          , "anisotropy_H"        , "anisotropy"           , "drop_column"  , "H"                 , "2"         , "0.1"            , "0.1"             , "128"       , "39"           , "32"           , "16"                , "1"            , "10"           , "0.0002", "true"                   , "true"                   , "80"        , "3"             , "GraphConv"    , "Adam"     , "128"    , "false"                      , "results"   , "0.7"             , "15"                , "0"   , "[0.7,0.15,0.15]", "0.00005"     , "34"   , "ok"        , "0.6017428249120712", "0.041836131339271866", "0.6984440424044926", "0.004264234711881727" , "0.5494587119267537", "0.027549007108005192", "0.7329077133937524", "0.001413667854011202" , "0.6784890655960355", "0.03417692370712757" , "1.0444993620472296", "0.0023361883662541263", "0.5101291513336557"
"drop_asymmetry_H"        , "finished", "-"    , ""    , ""    , "2026-03-05T12:52:29.000Z", "327"    , ""     , "[22]"                          , "asymmetry_H"         , "asymmetry"            , "drop_column"  , "H"                 , "2"         , "0.1"            , "0.1"             , "128"       , "39"           , "32"           , "16"                , "1"            , "10"           , "0.0002", "true"                   , "true"                   , "80"        , "3"             , "GraphConv"    , "Adam"     , "128"    , "false"                      , "results"   , "0.7"             , "15"                , "0"   , "[0.7,0.15,0.15]", "0.00005"     , "34"   , "ok"        , "0.5766411478320758", "0.04213163169721763" , "0.6366246443986893", "0.004366325953742489" , "0.539057041314932" , "0.02786617788271262" , "0.7181347329398761", "0.0014290811386084756", "0.6506197635616575", "0.03323639938607812" , "1.0724745191101517", "0.0020119863682858913", "0.49149187871121935"
"drop_skew_H"             , "finished", "-"    , ""    , ""    , "2026-03-05T12:47:00.000Z", "328"    , ""     , "[21]"                          , "skew_H"              , "skew"                 , "drop_column"  , "H"                 , "2"         , "0.1"            , "0.1"             , "128"       , "39"           , "32"           , "16"                , "1"            , "10"           , "0.0002", "true"                   , "true"                   , "80"        , "3"             , "GraphConv"    , "Adam"     , "128"    , "false"                      , "results"   , "0.7"             , "15"                , "0"   , "[0.7,0.15,0.15]", "0.00005"     , "34"   , "ok"        , "0.6198088214794795", "0.039522771189610166", "0.8593348470826944", "0.003719086725808059" , "0.5744846171599168", "0.02779804009084518" , "0.8107092787898503", "0.0014742727835143272", "0.8110939413309097", "0.034161038989467284", "1.523974432689803" , "0.0023236944930561418", "0.5763521656127912"
"drop_span_H"             , "finished", "-"    , ""    , ""    , "2026-03-05T12:41:52.000Z", "307"    , ""     , "[20]"                          , "span_H"              , "span"                 , "drop_column"  , "H"                 , "2"         , "0.1"            , "0.1"             , "128"       , "39"           , "32"           , "16"                , "1"            , "10"           , "0.0002", "true"                   , "true"                   , "80"        , "3"             , "GraphConv"    , "Adam"     , "128"    , "false"                      , "results"   , "0.7"             , "15"                , "0"   , "[0.7,0.15,0.15]", "0.00005"     , "32"   , "ok"        , "0.721105062365532" , "0.04400017965584993" , "1.0181454299390316", "0.0047057796223089095", "0.5810628458628287", "0.02736663807470065" , "0.8179022030646984", "0.001422729344608692" , "0.6660508849791118", "0.03811989235026496" , "1.1211009406085526", "0.0026392596615811012", "0.5236249042408807"
"drop_shielding_para_H"   , "finished", "-"    , ""    , ""    , "2026-03-05T12:36:25.000Z", "325"    , ""     , "[19]"                          , "shielding_para_H"    , "shielding_para"       , "drop_column"  , "H"                 , "2"         , "0.1"            , "0.1"             , "128"       , "39"           , "32"           , "16"                , "1"            , "10"           , "0.0002", "true"                   , "true"                   , "80"        , "3"             , "GraphConv"    , "Adam"     , "128"    , "false"                      , "results"   , "0.7"             , "15"                , "0"   , "[0.7,0.15,0.15]", "0.00005"     , "34"   , "ok"        , "0.6735694795846939", "0.04098195926596721" , "1.0085531847675642", "0.004435004957097893" , "0.5485865297684303", "0.02747524133955057" , "0.7201191682368517", "0.0014008897811156485", "0.7867505644048963", "0.03393614938748735" , "1.8045011334121228", "0.0022207681505408672", "0.563056029139885"
"drop_shielding_dia_H"    , "finished", "-"    , ""    , ""    , "2026-03-05T12:30:58.000Z", "325"    , ""     , "[18]"                          , "shielding_dia_H"     , "shielding_dia"        , "drop_column"  , "H"                 , "2"         , "0.1"            , "0.1"             , "128"       , "39"           , "32"           , "16"                , "1"            , "10"           , "0.0002", "true"                   , "true"                   , "80"        , "3"             , "GraphConv"    , "Adam"     , "128"    , "false"                      , "results"   , "0.7"             , "15"                , "0"   , "[0.7,0.15,0.15]", "0.00005"     , "34"   , "ok"        , "0.6664843287070592", "0.04155327700078487" , "0.9280215673148632", "0.004139859084195147" , "0.5615916841763716", "0.027545023186562153", "0.8094397937277189", "0.001423692411940115" , "0.7491923457809857", "0.03159958851922836" , "2.016199693935258" , "0.0020661134775894294", "0.5325941154866347"
"drop_CNX_H"              , "finished", "-"    , ""    , ""    , "2026-03-05T12:27:30.000Z", "206"    , ""     , "[17]"                          , "CNX_H"               , "CN(X)"                , "drop_column"  , "H"                 , "2"         , "0.1"            , "0.1"             , "128"       , "39"           , "32"           , "16"                , "1"            , "10"           , "0.0002", "true"                   , "true"                   , "80"        , "3"             , "GraphConv"    , "Adam"     , "128"    , "false"                      , "results"   , "0.7"             , "15"                , "0"   , "[0.7,0.15,0.15]", "0.00005"     , "21"   , "ok"        , "0.6811413240432739", "0.04296211977799733" , "0.8868234131733577", "0.004546529429887111" , "0.6069243652545488", "0.029582656358297058", "0.956516991400948" , "0.00159338885694384"  , "0.8965468960148948", "0.038758428394794465", "1.632799097150564" , "0.003261565816189562" , "0.6420655899814197"
"drop_shift_low_H"        , "finished", "-"    , ""    , ""    , "2026-03-05T12:22:01.000Z", "328"    , ""     , "[16]"                          , "shift_low_H"         , "shift_low"            , "drop_column"  , "H"                 , "2"         , "0.1"            , "0.1"             , "128"       , "39"           , "32"           , "16"                , "1"            , "10"           , "0.0002", "true"                   , "true"                   , "80"        , "3"             , "GraphConv"    , "Adam"     , "128"    , "false"                      , "results"   , "0.7"             , "15"                , "0"   , "[0.7,0.15,0.15]", "0.00005"     , "34"   , "ok"        , "0.6722854276498159", "0.04381052042047183" , "0.9343765461444856", "0.004559990077589949" , "0.5675554080880605", "0.027464022362748017", "0.8278430413798644", "0.0014121579342127703", "0.704468515941075" , "0.03361751741862723" , "1.2328087072819471", "0.0021453177402561"   , "0.5203218450636736"
"drop_degree_H"           , "finished", "-"    , ""    , ""    , "2026-03-05T12:18:34.000Z", "206"    , ""     , "[15]"                          , "degree_H"            , "degree"               , "drop_column"  , "H"                 , "2"         , "0.1"            , "0.1"             , "128"       , "39"           , "32"           , "16"                , "1"            , "10"           , "0.0002", "true"                   , "true"                   , "80"        , "3"             , "GraphConv"    , "Adam"     , "128"    , "false"                      , "results"   , "0.7"             , "15"                , "0"   , "[0.7,0.15,0.15]", "0.00005"     , "21"   , "ok"        , "0.6448319602012634", "0.04170796769360701" , "0.8210959191123645", "0.004038044785847888" , "0.6249984251077358", "0.02988159483155379" , "1.0489857978287798", "0.0016720535637936196", "0.9738359617335456", "0.03661824533981936" , "1.91435140562909"  , "0.0028177729225717487", "0.6700092075658696"
"drop_formal_charge_H"    , "finished", "-"    , ""    , ""    , "2026-03-05T12:13:05.000Z", "327"    , ""     , "[14]"                          , "formal_charge_H"     , "formal_charge"        , "drop_column"  , "H"                 , "2"         , "0.1"            , "0.1"             , "128"       , "39"           , "32"           , "16"                , "1"            , "10"           , "0.0002", "true"                   , "true"                   , "80"        , "3"             , "GraphConv"    , "Adam"     , "128"    , "false"                      , "results"   , "0.7"             , "15"                , "0"   , "[0.7,0.15,0.15]", "0.00005"     , "34"   , "ok"        , "0.6751560294628143", "0.04277612927059333" , "0.9491654737790426", "0.004487087550029779" , "0.5595927884257756", "0.027757282257080077", "0.770286157022302" , "0.0014545225960095054", "0.6919786653348378", "0.031184877268970013", "1.0643157531108176", "0.0020070109819893592", "0.5019137190122689"
"drop_mass_H"             , "finished", "-"    , ""    , ""    , "2026-03-05T12:07:37.000Z", "326"    , ""     , "[13]"                          , "mass_H"              , "mass"                 , "drop_column"  , "H"                 , "2"         , "0.1"            , "0.1"             , "128"       , "39"           , "32"           , "16"                , "1"            , "10"           , "0.0002", "true"                   , "true"                   , "80"        , "3"             , "GraphConv"    , "Adam"     , "128"    , "false"                      , "results"   , "0.7"             , "15"                , "0"   , "[0.7,0.15,0.15]", "0.00005"     , "34"   , "ok"        , "0.660480492512385" , "0.04318678172926108" , "0.8269991430640221", "0.004764866540208459" , "0.5568046131959328", "0.027465940951727903", "0.7861595226021914", "0.0014325286803068592", "0.6513145625591278", "0.031991423985787804", "0.9122092356639248", "0.0021358600027659644", "0.4856144012085029"
"drop_nodetype_onehot_H"  , "finished", "-"    , ""    , ""    , "2026-03-05T12:05:05.000Z", "150"    , ""     , "[0,1,2,3,4,5,6,7,8,9,10,11,12]", "nodetype_onehot_H"   , "nodetype_onehot"      , "drop_column"  , "H"                 , "2"         , "0.1"            , "0.1"             , "128"       , "39"           , "20"           , "16"                , "1"            , "10"           , "0.0002", "true"                   , "true"                   , "80"        , "3"             , "GraphConv"    , "Adam"     , "128"    , "false"                      , "results"   , "0.7"             , "15"                , "0"   , "[0.7,0.15,0.15]", "0.00005"     , "15"   , "ok"        , "0.7847946608066558", "0.04404261109729608" , "1.3226278368631998", "0.005432125939211498" , "0.6781792361231951", "0.031946861233848795", "1.1533834270101326", "0.001956283078851322" , "0.961142382451466" , "0.0366640183542456"  , "1.9184345215559009", "0.002624922984146646" , "0.663891282996961"
"all_features_on"         , "finished", "-"    , ""    , ""    , "2026-03-05T12:00:26.000Z", "278"    , ""     , "[]"                            , "all_features_on"     , "all_features_on"      , "drop_column"  , "all"               , "2"         , "0.1"            , "0.1"             , "128"       , "39"           , "33"           , "16"                , "1"            , "10"           , "0.0002", "true"                   , "true"                   , "80"        , "3"             , "GraphConv"    , "Adam"     , "128"    , "false"                      , "results"   , "0.7"             , "15"                , "0"   , "[0.7,0.15,0.15]", "0.00005"     , "29"   , "ok"        , "0.6341529810428619", "0.04014344653735558" , "0.6816841147343318", "0.004089105016707132" , "0.5971841790699042", "0.02827515819038336" , "0.9182298489194364", "0.0015435821464947926", "0.6914970161659377", "0.03739903848618269" , "0.9702357219798224", "0.002993872161355934" , "0.5327437005138823"