target_node_type, feature_source_type, feature_idx, feature_importance_mean, feature_importance_median, feature_importance_std, feature_variance_mean , feature_variance_median, feature_variance_std  , n_node_entries, feature_name     , feature_label
C               , C                  ,          16,     0.3610585430241435 ,       0.33786954149603843,   0.13436358018320754 , 0.0006176678508867447 , 0.00022205175661337912 , 0.0013217749282165064 ,            308, shift_low        , C:shift_low
C               , C                  ,          19,     0.35962548110191755,       0.3283855885267257 ,   0.13603693526547886 , 0.0005924284407936636 , 0.00017895269258153142 , 0.0010606764395033627 ,            308, shielding_para   , C:shielding_para
C               , C                  ,          30,     0.3385314443764947 ,       0.284881876707077  ,   0.14613812771276796 , 0.0005710996776485445 , 0.0001785280880100577  , 0.0011729335780422485 ,            308, orb_charge_loew_s, C:orb_charge_loew_s
C               , C                  ,          15,     0.33741442544692773,       0.30178920086473227,   0.15578651781621072 , 0.0005998366560279058 , 0.0002583848763094396  , 0.0009842158756775486 ,            308, degree           , C:degree
C               , C                  ,          26,     0.3304551996695121 ,       0.28385441192558836,   0.164572179141371   , 0.0004477646406789331 , 0.00016979455423877295 , 0.0009083752279164747 ,            308, orb_charge_mull_s, C:orb_charge_mull_s
C               , C                  ,          23,     0.3174682249884935 ,       0.3001496615154402 ,   0.12120641913918459 , 0.00037307062552069815, 0.00014265459672063805 , 0.0007337235429880824 ,            308, anisotropy       , C:anisotropy
C               , C                  ,          31,     0.30443911203394036,       0.2768370977292458 ,   0.13759282177019933 , 0.0005711230439554222 , 0.00015186412651954715 , 0.0014385984897169709 ,            308, orb_charge_loew_p, C:orb_charge_loew_p
C               , C                  ,          33,     0.3028463092158867 ,       0.24884153917431828,   0.1467086593511689  , 0.0005937910619690669 , 0.00016838471307262167 , 0.0016218794220352313 ,            308, orb_stdev_loew_p , C:orb_stdev_loew_p
C               , C                  ,          25,     0.29562529769384555,       0.2336238619472299 ,   0.15550244263496554 , 0.0006022778711932667 , 0.0001763241807636347  , 0.0011756128150913288 ,            308, at_charge_loew   , C:at_charge_loew
C               , C                  ,          20,     0.2903752089656622 ,       0.27138611413538455,   0.11441277199812414 , 0.00035342412087782047, 0.00015872192192218474 , 0.0005907300759916933 ,            308, span             , C:span
C               , C                  ,          35,     0.29017224811889514,       0.2523936225722233 ,   0.1286511128104253  , 0.0005491304185673369 , 0.000163745768649394   , 0.0010903720692400168 ,            308, BO_loew_av       , C:BO_loew_av
C               , C                  ,          21,     0.2785263560633662 ,       0.24584470130503178,   0.12285730012799223 , 0.0005539311265011291 , 0.00013256911115994347 , 0.001847089126900895  ,            308, skew             , C:skew
C               , C                  ,          29,     0.27850432292536365,       0.2503358385215203 ,   0.11197668593983319 , 0.0006216953774308636 , 0.00019294002566979743 , 0.0016226127312759788 ,            308, orb_stdev_mull_p , C:orb_stdev_mull_p
C               , C                  ,          18,     0.27764608479331865,       0.262530410066247  ,   0.10756887535269585 , 0.0004658907526792482 , 0.00019905066754042668 , 0.0009422485984615852 ,            308, shielding_dia    , C:shielding_dia
C               , C                  ,          32,     0.2711370375615832 ,       0.23623858292897543,   0.10678802075419395 , 0.0005464545705937812 , 0.00016524713081714882 , 0.00124269968699714   ,            308, orb_charge_loew_d, C:orb_charge_loew_d
C               , C                  ,          36,     0.2701499442549119 ,       0.22151277943381242,   0.1382705202439155  , 0.0003877675770902222 , 9.582678876731217e-05  , 0.0007058749220789723 ,            308, BO_mayer_sum     , C:BO_mayer_sum
C               , C                  ,          22,     0.2699876408742357 ,       0.23164500770469507,   0.11434930947733953 , 0.00044677820761073107, 0.00013595679574718119 , 0.0009053330711854818 ,            308, asymmetry        , C:asymmetry
C               , C                  ,          17,     0.26975493743274437,       0.24782561063766478,   0.11120296883998644 , 0.0004444009809086954 , 0.00019090856919750943 , 0.0008438599298980771 ,            308, CN(X)            , C:CN(X)
C               , C                  ,          37,     0.2693435290495041 ,       0.23030584609756866,   0.11247596993198682 , 0.0004940452031809291 , 0.00015240721348580192 , 0.0011408657031923377 ,            308, BO_mayer_av      , C:BO_mayer_av
C               , C                  ,          27,     0.2662116450326369 ,       0.24239110425114632,   0.11586664986696742 , 0.00041398764150846716, 0.00011877517659956704 , 0.0009349551921476454 ,            308, orb_charge_mull_p, C:orb_charge_mull_p
C               , C                  ,          24,     0.2638223687912255 ,       0.2416356993218263 ,   0.11097309975209031 , 0.00039727685346350853, 0.000151740373938148   , 0.000718230149861857  ,            308, at_charge_mull   , C:at_charge_mull
C               , C                  ,          28,     0.26004892467273466,       0.23721527432401976,   0.11622379815003628 , 0.0005389562187437635 , 0.0001601243156651975  , 0.0014766152388219287 ,            308, orb_charge_mull_d, C:orb_charge_mull_d
C               , C                  ,          34,     0.25915702369357835,       0.22964184094752582,   0.10852480961750623 , 0.00046005824390546446, 0.00012483830533666418 , 0.0009364370297548517 ,            308, BO_loew_sum      , C:BO_loew_sum
C               , H                  ,          16,     0.2577002856021781 ,       0.22811445237861738,   0.13822942244943243 , 0.00038928045405671463, 5.820131694095137e-05  , 0.0009261151324554613 ,            308, shift_low        , H:shift_low
C               , C                  ,           1,     0.2547916476972788 ,       0.2465756305803855 ,   0.07222669875567478 , 0.0005170861151018396 , 0.00020481177188462967 , 0.0011521775387725167 ,            308, C                , C:C
C               , H                  ,          19,     0.2471959703763428 ,       0.20755543802465712,   0.1316216603249713  , 0.0004662405614949476 , 6.49483033933218e-05   , 0.0011509749266128708 ,            308, shielding_para   , H:shielding_para
C               , H                  ,           0,     0.24629876002732323,       0.21845061574977906,   0.12314823635266939 , 0.0003465137893819372 , 0.0001164085984751816  , 0.0006487948413491268 ,            308, H                , H:H
C               , C                  ,          38,     0.24585862137550046,       0.21930578621725239,   0.10650031290509417 , 0.00036065334636087076, 0.00012323562473692037 , 0.000723229899003707  ,            308, mayer_VA         , C:mayer_VA
C               , C                  ,          13,     0.23065300239391748,       0.19759089847405753,   0.09559523753559147 , 0.00035012952296309136, 0.00010071414865059398 , 0.0010959456190908    ,            308, mass             , C:mass
C               , H                  ,          17,     0.22687885593944274,       0.18792655915021897,   0.12460215768283128 , 0.0003257549074009296 , 8.227616510897534e-05  , 0.0007595335581616025 ,            308, CN(X)            , H:CN(X)
C               , H                  ,          23,     0.21812768000896574,       0.18086540207266805,   0.11588153882541959 , 0.0003971578472327133 , 8.68421081252851e-05   , 0.0011742174820951372 ,            308, anisotropy       , H:anisotropy
C               , H                  ,          25,     0.21732334193024475,       0.1758994765654959 ,   0.12717526416413186 , 0.000293761485368487  , 4.754642021928973e-05  , 0.0007413911391513843 ,            308, at_charge_loew   , H:at_charge_loew
C               , H                  ,          20,     0.21035812342221658,       0.17336194117863973,   0.1186888217946236  , 0.0005136803185482276 , 6.00007204666393e-05   , 0.003166329885135028  ,            308, span             , H:span
C               , H                  ,          27,     0.20664755616104427,       0.16948358807712793,   0.10273719875169644 , 0.00027881586354611625, 5.307709191424903e-05  , 0.000848988421524277  ,            308, orb_charge_mull_p, H:orb_charge_mull_p
C               , H                  ,          24,     0.19161123142890749,       0.1644367137302955 ,   0.10228229665297532 , 0.000306490749249852  , 4.7957644687672755e-05 , 0.001277913646745242  ,            308, at_charge_mull   , H:at_charge_mull
C               , H                  ,          29,     0.18897471755421888,       0.1588070144566397 ,   0.09950761690856434 , 0.0002500822707977201 , 3.3319455755030446e-05 , 0.0011445652862875628 ,            308, orb_charge_loew_p, H:orb_charge_loew_p
C               , H                  ,          21,     0.18709503157521193,       0.1616674266046002 ,   0.08886551233726878 , 0.00020923886716313992, 4.83746210871662e-05   , 0.0005449889549108423 ,            308, skew             , H:skew
C               , H                  ,          22,     0.18129496168607204,       0.15976627096533774,   0.07888428884727407 , 0.0002291967730420562 , 5.911208143438961e-05  , 0.0005441237106487482 ,            308, asymmetry        , H:asymmetry
C               , H                  ,          32,     0.176645201094911  ,       0.16050745511427522,   0.07554056391779046 , 0.00012544736015395865, 3.625110556235752e-05  , 0.00034736905379380805,            308, mayer_VA         , H:mayer_VA
C               , H                  ,          26,     0.1712490007858037 ,       0.14463445773348213,   0.1045319108502292  , 0.00027247479274254043, 2.855989352540961e-05  , 0.0009582704658364445 ,            308, orb_charge_mull_s, H:orb_charge_mull_s
C               , H                  ,          18,     0.15825026899085123,       0.14560329978664716,   0.06551838674732581 , 0.00014705237754845482, 2.0360886498607393e-05 , 0.000455597954752     ,            308, shielding_dia    , H:shielding_dia
C               , H                  ,          28,     0.1559744874163166 ,       0.1454119459167123 ,   0.07687472958979924 , 0.00011307800316185586, 2.4802699772610474e-05 , 0.0002380665190695841 ,            308, orb_charge_loew_s, H:orb_charge_loew_s
C               , H                  ,          30,     0.14625080750031177,       0.14278440944850446,   0.05341422515053457 , 0.00013468246790654013, 1.9684201865278545e-05 , 0.0004097131243564425 ,            308, BO_loew          , H:BO_loew
C               , H                  ,          31,     0.14010033478751008,       0.1433361066505313 ,   0.04386958039982125 , 9.810814355980805e-05 , 2.1810532743767042e-05 , 0.00032272068445449604,            308, BO_mayer         , H:BO_mayer
C               , H                  ,          15,     0.1286254705615675 ,       0.1382593047246337 ,   0.03590595556337806 , 2.830923961974965e-05 , 1.0230509465455895e-05 , 5.652127562834321e-05 ,            308, degree           , H:degree
C               , H                  ,          13,     0.11919974524389715,       0.12925599325034354,   0.028095564377106457, 8.695582174805912e-06 , 6.218010930899934e-06  , 8.496417960921942e-06 ,            308, mass             , H:mass
C               , C                  ,           0,     0.0                ,       0.0                ,   0.0                 , 0.0                   , 0.0                    , 0.0                   ,            308, H                , C:H
C               , C                  ,           2,     0.0                ,       0.0                ,   0.0                 , 0.0                   , 0.0                    , 0.0                   ,            308, Li               , C:Li
C               , C                  ,           3,     0.0                ,       0.0                ,   0.0                 , 0.0                   , 0.0                    , 0.0                   ,            308, B                , C:B
C               , C                  ,           4,     0.0                ,       0.0                ,   0.0                 , 0.0                   , 0.0                    , 0.0                   ,            308, N                , C:N
C               , C                  ,           5,     0.0                ,       0.0                ,   0.0                 , 0.0                   , 0.0                    , 0.0                   ,            308, O                , C:O
C               , C                  ,           6,     0.0                ,       0.0                ,   0.0                 , 0.0                   , 0.0                    , 0.0                   ,            308, Na               , C:Na
C               , C                  ,           7,     0.0                ,       0.0                ,   0.0                 , 0.0                   , 0.0                    , 0.0                   ,            308, Mg               , C:Mg
C               , C                  ,           8,     0.0                ,       0.0                ,   0.0                 , 0.0                   , 0.0                    , 0.0                   ,            308, Al               , C:Al
C               , C                  ,           9,     0.0                ,       0.0                ,   0.0                 , 0.0                   , 0.0                    , 0.0                   ,            308, Si               , C:Si
C               , C                  ,          10,     0.0                ,       0.0                ,   0.0                 , 0.0                   , 0.0                    , 0.0                   ,            308, P                , C:P
C               , C                  ,          11,     0.0                ,       0.0                ,   0.0                 , 0.0                   , 0.0                    , 0.0                   ,            308, S                , C:S
C               , C                  ,          12,     0.0                ,       0.0                ,   0.0                 , 0.0                   , 0.0                    , 0.0                   ,            308, Cl               , C:Cl
C               , C                  ,          14,     0.0                ,       0.0                ,   0.0                 , 0.0                   , 0.0                    , 0.0                   ,            308, formal_charge    , C:formal_charge
C               , H                  ,           1,     0.0                ,       0.0                ,   0.0                 , 0.0                   , 0.0                    , 0.0                   ,            308, C                , H:C
C               , H                  ,           2,     0.0                ,       0.0                ,   0.0                 , 0.0                   , 0.0                    , 0.0                   ,            308, Li               , H:Li
C               , H                  ,           3,     0.0                ,       0.0                ,   0.0                 , 0.0                   , 0.0                    , 0.0                   ,            308, B                , H:B
C               , H                  ,           4,     0.0                ,       0.0                ,   0.0                 , 0.0                   , 0.0                    , 0.0                   ,            308, N                , H:N
C               , H                  ,           5,     0.0                ,       0.0                ,   0.0                 , 0.0                   , 0.0                    , 0.0                   ,            308, O                , H:O
C               , H                  ,           6,     0.0                ,       0.0                ,   0.0                 , 0.0                   , 0.0                    , 0.0                   ,            308, Na               , H:Na
C               , H                  ,           7,     0.0                ,       0.0                ,   0.0                 , 0.0                   , 0.0                    , 0.0                   ,            308, Mg               , H:Mg
C               , H                  ,           8,     0.0                ,       0.0                ,   0.0                 , 0.0                   , 0.0                    , 0.0                   ,            308, Al               , H:Al
C               , H                  ,           9,     0.0                ,       0.0                ,   0.0                 , 0.0                   , 0.0                    , 0.0                   ,            308, Si               , H:Si
C               , H                  ,          10,     0.0                ,       0.0                ,   0.0                 , 0.0                   , 0.0                    , 0.0                   ,            308, P                , H:P
C               , H                  ,          11,     0.0                ,       0.0                ,   0.0                 , 0.0                   , 0.0                    , 0.0                   ,            308, S                , H:S
C               , H                  ,          12,     0.0                ,       0.0                ,   0.0                 , 0.0                   , 0.0                    , 0.0                   ,            308, Cl               , H:Cl
C               , H                  ,          14,     0.0                ,       0.0                ,   0.0                 , 0.0                   , 0.0                    , 0.0                   ,            308, formal_charge    , H:formal_charge
H               , C                  ,          16,     0.12857525642501566,       0.13944987580180168,   0.04161524906656182 , 0.00026313929461274226, 1.3566288757351773e-05 , 0.0012690388926313097 ,            487, shift_low        , C:shift_low
H               , C                  ,          19,     0.1284758085839161 ,       0.13951449453830717,   0.04053496653153519 , 0.00027442557763845477, 1.3237612889834826e-05 , 0.0012831240674232    ,            487, shielding_para   , C:shielding_para
H               , C                  ,          25,     0.12229997667551647,       0.13922246880829334,   0.02787087090633875 , 5.739854819675417e-05 , 1.100194435435851e-05  , 0.0006707925441967053 ,            487, at_charge_loew   , C:at_charge_loew
H               , C                  ,          15,     0.12157306064116231,       0.13869444489479063,   0.02523052930824198 , 2.557889245758674e-05 , 1.2126017127581656e-05 , 0.00015312999832460558,            487, degree           , C:degree
H               , C                  ,          18,     0.12141410122297604,       0.13686659038066865,   0.027377720690325198, 4.242039883083943e-05 , 1.1934449144661155e-05 , 0.00033292350195061394,            487, shielding_dia    , C:shielding_dia
H               , C                  ,          23,     0.12140062454705428,       0.13777871243655682,   0.026665979884445544, 4.632605888936541e-05 , 1.060169113000442e-05  , 0.0004728532112395533 ,            487, anisotropy       , C:anisotropy
H               , C                  ,          31,     0.12128024883507456,       0.137866069873174  ,   0.026351460988313494, 2.659906941679398e-05 , 1.184098144174972e-05  , 0.00019432250757578346,            487, orb_charge_loew_p, C:orb_charge_loew_p
H               , C                  ,          33,     0.12127676433476638,       0.1381414331495762 ,   0.026286655857138533, 3.4894807394960475e-05, 1.048319174169874e-05  , 0.0002486582717086394 ,            487, orb_stdev_loew_p , C:orb_stdev_loew_p
H               , C                  ,          17,     0.12120530812961666,       0.1384801235049963 ,   0.025094185016651314, 1.5497656077869493e-05, 1.1726466276709146e-05 , 1.4397255888126031e-05,            487, CN(X)            , C:CN(X)
H               , C                  ,          20,     0.12097328958739482,       0.138228577375412  ,   0.025272045899280657, 1.7493280507544045e-05, 1.0566743391638862e-05 , 5.764423036944016e-05 ,            487, span             , C:span
H               , C                  ,          28,     0.12096516431347985,       0.13847370535135267,   0.025219545057685634, 1.6027345841161228e-05, 1.1087054870446146e-05 , 1.576097141781377e-05 ,            487, orb_charge_mull_d, C:orb_charge_mull_d
H               , C                  ,          34,     0.12090677142759214,       0.13803058862686157,   0.025498925534299777, 1.5429581262107925e-05, 1.0937138443512865e-05 , 1.5701477023111408e-05,            487, BO_loew_sum      , C:BO_loew_sum
H               , C                  ,          29,     0.12088803579232522,       0.13800295094648998,   0.025161906762855357, 1.6132776664926474e-05, 1.1943495893002443e-05 , 1.3902353325172287e-05,            487, orb_stdev_mull_p , C:orb_stdev_mull_p
H               , C                  ,          30,     0.12086245772000166,       0.1382712498307228 ,   0.024989780975017768, 2.377264238391964e-05 , 1.0721124289259365e-05 , 0.00018076428615755187,            487, orb_charge_loew_s, C:orb_charge_loew_s
H               , C                  ,          37,     0.12084347225351191,       0.13763106465339664,   0.025179736280458217, 1.5098946018307919e-05, 1.0780029669901215e-05 , 1.510673722442092e-05 ,            487, BO_mayer_av      , C:BO_mayer_av
H               , C                  ,          22,     0.12083198351908114,       0.13817311376333236,   0.02507234082400613 , 1.436536862226529e-05 , 1.1162777852648994e-05 , 1.2329461837301444e-05,            487, asymmetry        , C:asymmetry
H               , C                  ,          27,     0.12079110806213585,       0.13684298594792682,   0.02525647463003149 , 1.5521738613991806e-05, 1.1326959372880295e-05 , 1.5197725602670544e-05,            487, orb_charge_mull_p, C:orb_charge_mull_p
H               , C                  ,          35,     0.12077419836077391,       0.13793009221553804,   0.025159364321663612, 1.4704601507197361e-05, 1.0470375333879734e-05 , 1.3047800122819124e-05,            487, BO_loew_av       , C:BO_loew_av
H               , C                  ,          13,     0.12077339685312843,       0.13790165156126025,   0.025202056590613597, 1.3852260775850067e-05, 1.0626554736150597e-05 , 1.2131312620679123e-05,            487, mass             , C:mass
H               , C                  ,          32,     0.12075267132109031,       0.1382732942700386 ,   0.025169392903854237, 1.6076667271908606e-05, 1.1800530289467989e-05 , 1.3796206849617018e-05,            487, orb_charge_loew_d, C:orb_charge_loew_d
H               , C                  ,          38,     0.12074259425288607,       0.13815264403820038,   0.025096365989315177, 1.5366066726691868e-05, 1.0159488889641688e-05 , 1.952539188232558e-05 ,            487, mayer_VA         , C:mayer_VA
H               , C                  ,          21,     0.12069769682921996,       0.1376682311296463 ,   0.0250298755707512  , 1.394890599098576e-05 , 1.054429538425835e-05  , 1.1641248608279273e-05,            487, skew             , C:skew
H               , C                  ,          26,     0.12066823425642192,       0.13701055347919466,   0.025047389875838   , 1.4798924857165485e-05, 1.0469158291905866e-05 , 1.2636555632701659e-05,            487, orb_charge_mull_s, C:orb_charge_mull_s
H               , C                  ,          24,     0.12066087456646087,       0.13770783444245654,   0.025153380189181677, 1.3783346887621946e-05, 9.817016235255967e-06  , 1.475043412961166e-05 ,            487, at_charge_mull   , C:at_charge_mull
H               , C                  ,           1,     0.12063723880070562,       0.13784158915281294,   0.025234355534552007, 1.4853628772435e-05   , 1.046631588355298e-05  , 1.3721165303701335e-05,            487, C                , C:C
H               , C                  ,          36,     0.12056795741669914,       0.13698267042636872,   0.025259838721513474, 1.5564402723805322e-05, 1.1647369330819771e-05 , 1.6408639753586234e-05,            487, BO_mayer_sum     , C:BO_mayer_sum
H               , H                  ,          19,     0.07833362065749325,       0.0718909850716591 ,   0.028910497946598116, 1.2065229601442932e-05, 4.081105576295707e-06  , 6.347983117327011e-05 ,            487, shielding_para   , H:shielding_para
H               , H                  ,          24,     0.07605326341456181,       0.07146081566810607,   0.027219129000368335, 8.252202191818057e-06 , 3.5428426203077735e-06 , 4.4030178032734785e-05,            487, at_charge_mull   , H:at_charge_mull
H               , H                  ,          22,     0.07581518640824321,       0.07156078480184078,   0.026149333025647453, 5.4416983938128386e-06, 3.6580503647510054e-06 , 5.808266060227241e-06 ,            487, asymmetry        , H:asymmetry
H               , H                  ,          16,     0.07573241187757748,       0.07131014131009579,   0.02602414916437539 , 5.392897684789475e-06 , 3.5658072616979604e-06 , 6.118631584864674e-06 ,            487, shift_low        , H:shift_low
H               , H                  ,           0,     0.07562132818612914,       0.07158841378986835,   0.026074811348035878, 5.446371468034539e-06 , 3.5911971982396928e-06 , 5.953092774611173e-06 ,            487, H                , H:H
H               , H                  ,          23,     0.07560644527608718,       0.07135256994515657,   0.026062975399465466, 5.450971417240517e-06 , 3.600084524156706e-06  , 6.190603013702164e-06 ,            487, anisotropy       , H:anisotropy
H               , H                  ,          27,     0.07560003966109201,       0.07155200183391572,   0.026049764739096468, 5.658462015694387e-06 , 3.5164635059931057e-06 , 1.3071353137736291e-05,            487, orb_charge_mull_p, H:orb_charge_mull_p
H               , H                  ,          17,     0.07559827704023465,       0.07121944800019264,   0.025900571138651535, 5.5578422211722206e-06, 3.789454838699941e-06  , 7.285977410294652e-06 ,            487, CN(X)            , H:CN(X)
H               , H                  ,          32,     0.0755870618707692 ,       0.07131462395191193,   0.026178540608100022, 5.262834364134534e-06 , 3.7203521292040908e-06 , 6.151738961187551e-06 ,            487, mayer_VA         , H:mayer_VA
H               , H                  ,          30,     0.07557120206232848,       0.07139251853028933,   0.026014381754964525, 5.063468391422053e-06 , 3.5616497375648433e-06 , 4.763428070843084e-06 ,            487, BO_loew          , H:BO_loew
H               , H                  ,          29,     0.07553867330934967,       0.07128186635673046,   0.02610707757737567 , 5.167926014908215e-06 , 3.4845339278749785e-06 , 5.201158783656345e-06 ,            487, orb_charge_loew_p, H:orb_charge_loew_p
H               , H                  ,          15,     0.07552568096322707,       0.07142498195171357,   0.026043876458057162, 5.6727025475351105e-06, 3.655349571627383e-06  , 6.326924022873774e-06 ,            487, degree           , H:degree
H               , H                  ,          28,     0.07549984109014007,       0.07135604918003083,   0.025867011650054107, 5.225602428104006e-06 , 3.6881648323505234e-06 , 5.978403136048555e-06 ,            487, orb_charge_loew_s, H:orb_charge_loew_s
H               , H                  ,          25,     0.07549710020920239,       0.07148323506116867,   0.025976281575299482, 5.444004599382288e-06 , 3.6425356184999202e-06 , 8.2700819264827e-06   ,            487, at_charge_loew   , H:at_charge_loew
H               , H                  ,          31,     0.07548470451564424,       0.07122747637331486,   0.02593671250206732 , 5.431275762427972e-06 , 3.745396607807734e-06  , 5.884661472424251e-06 ,            487, BO_mayer         , H:BO_mayer
H               , H                  ,          13,     0.07547942670851597,       0.07137008272111416,   0.025948966445189545, 5.5252480555971815e-06, 3.6029743540596116e-06 , 9.8494499214457e-06   ,            487, mass             , H:mass
H               , H                  ,          18,     0.07547053388790353,       0.07148771286010742,   0.025897490699474827, 5.562911001020688e-06 , 3.497364175846784e-06  , 7.579740743601523e-06 ,            487, shielding_dia    , H:shielding_dia
H               , H                  ,          21,     0.07544587687645946,       0.07144508689641953,   0.026015416645549603, 5.394909598959267e-06 , 3.5749291560730297e-06 , 6.863396690854555e-06 ,            487, skew             , H:skew
H               , H                  ,          20,     0.07543288765168585,       0.07103644870221615,   0.025947855453844277, 5.384796778245757e-06 , 3.5104023886117777e-06 , 5.8095029344823665e-06,            487, span             , H:span
H               , H                  ,          26,     0.0754024621624177 ,       0.07153073847293853,   0.025877371672454946, 4.982017138143589e-06 , 3.393509485928383e-06  , 5.31869430304585e-06  ,            487, orb_charge_mull_s, H:orb_charge_mull_s
H               , C                  ,           0,     0.0                ,       0.0                ,   0.0                 , 0.0                   , 0.0                    , 0.0                   ,            487, H                , C:H
H               , C                  ,           2,     0.0                ,       0.0                ,   0.0                 , 0.0                   , 0.0                    , 0.0                   ,            487, Li               , C:Li
H               , C                  ,           3,     0.0                ,       0.0                ,   0.0                 , 0.0                   , 0.0                    , 0.0                   ,            487, B                , C:B
H               , C                  ,           4,     0.0                ,       0.0                ,   0.0                 , 0.0                   , 0.0                    , 0.0                   ,            487, N                , C:N
H               , C                  ,           5,     0.0                ,       0.0                ,   0.0                 , 0.0                   , 0.0                    , 0.0                   ,            487, O                , C:O
H               , C                  ,           6,     0.0                ,       0.0                ,   0.0                 , 0.0                   , 0.0                    , 0.0                   ,            487, Na               , C:Na
H               , C                  ,           7,     0.0                ,       0.0                ,   0.0                 , 0.0                   , 0.0                    , 0.0                   ,            487, Mg               , C:Mg
H               , C                  ,           8,     0.0                ,       0.0                ,   0.0                 , 0.0                   , 0.0                    , 0.0                   ,            487, Al               , C:Al
H               , C                  ,           9,     0.0                ,       0.0                ,   0.0                 , 0.0                   , 0.0                    , 0.0                   ,            487, Si               , C:Si
H               , C                  ,          10,     0.0                ,       0.0                ,   0.0                 , 0.0                   , 0.0                    , 0.0                   ,            487, P                , C:P
H               , C                  ,          11,     0.0                ,       0.0                ,   0.0                 , 0.0                   , 0.0                    , 0.0                   ,            487, S                , C:S
H               , C                  ,          12,     0.0                ,       0.0                ,   0.0                 , 0.0                   , 0.0                    , 0.0                   ,            487, Cl               , C:Cl
H               , C                  ,          14,     0.0                ,       0.0                ,   0.0                 , 0.0                   , 0.0                    , 0.0                   ,            487, formal_charge    , C:formal_charge
H               , H                  ,           1,     0.0                ,       0.0                ,   0.0                 , 0.0                   , 0.0                    , 0.0                   ,            487, C                , H:C
H               , H                  ,           2,     0.0                ,       0.0                ,   0.0                 , 0.0                   , 0.0                    , 0.0                   ,            487, Li               , H:Li
H               , H                  ,           3,     0.0                ,       0.0                ,   0.0                 , 0.0                   , 0.0                    , 0.0                   ,            487, B                , H:B
H               , H                  ,           4,     0.0                ,       0.0                ,   0.0                 , 0.0                   , 0.0                    , 0.0                   ,            487, N                , H:N
H               , H                  ,           5,     0.0                ,       0.0                ,   0.0                 , 0.0                   , 0.0                    , 0.0                   ,            487, O                , H:O
H               , H                  ,           6,     0.0                ,       0.0                ,   0.0                 , 0.0                   , 0.0                    , 0.0                   ,            487, Na               , H:Na
H               , H                  ,           7,     0.0                ,       0.0                ,   0.0                 , 0.0                   , 0.0                    , 0.0                   ,            487, Mg               , H:Mg
H               , H                  ,           8,     0.0                ,       0.0                ,   0.0                 , 0.0                   , 0.0                    , 0.0                   ,            487, Al               , H:Al
H               , H                  ,           9,     0.0                ,       0.0                ,   0.0                 , 0.0                   , 0.0                    , 0.0                   ,            487, Si               , H:Si
H               , H                  ,          10,     0.0                ,       0.0                ,   0.0                 , 0.0                   , 0.0                    , 0.0                   ,            487, P                , H:P
H               , H                  ,          11,     0.0                ,       0.0                ,   0.0                 , 0.0                   , 0.0                    , 0.0                   ,            487, S                , H:S
H               , H                  ,          12,     0.0                ,       0.0                ,   0.0                 , 0.0                   , 0.0                    , 0.0                   ,            487, Cl               , H:Cl
H               , H                  ,          14,     0.0                ,       0.0                ,   0.0                 , 0.0                   , 0.0                    , 0.0                   ,            487, formal_charge    , H:formal_charge
